"feZfeB","fyBfeB","fyZfeB","meBfeB","meZfeB","myBfeB","myZfeB","fyBfeZ","fyZfeZ","meBfeZ","meZfeZ","myBfeZ","myZfeZ","fyZfyB","meBfyB","meZfyB","myBfyB","myZfyB","meBfyZ","meZfyZ","myBfyZ","myZfyZ","meZmeB","myBmeB","myZmeB","myBmeZ","myZmeZ","myZmyB","Glottocode"
1,0,0,1,1,0,0,0,0,1,1,0,0,1,0,0,1,1,0,0,1,1,1,0,0,0,0,1,"abui1241"
1,0,0,1,1,0,0,0,0,1,1,0,0,0,0,0,1,0,0,0,0,1,1,0,0,0,0,0,"ache1246"
0,0,0,1,0,0,0,0,0,0,1,0,0,0,0,0,1,0,0,0,0,1,0,0,0,0,0,0,"achi1257"
1,0,0,1,1,0,0,0,0,1,1,0,0,1,0,0,1,1,0,0,1,1,1,0,0,0,0,1,"adan1251"
0,0,0,1,0,0,0,0,0,0,1,0,0,1,0,0,1,1,0,0,1,1,0,0,0,0,0,1,"adny1235"
0,1,0,1,0,1,0,0,1,0,1,0,1,0,1,0,1,0,0,1,0,1,0,1,0,0,1,0,"afri1274"
0,0,0,1,0,0,0,0,0,0,1,0,0,1,0,0,1,1,0,0,1,1,0,0,0,0,0,1,"aghu1253"
0,1,0,1,0,1,0,0,1,0,1,0,1,0,1,0,1,0,0,1,0,1,0,1,0,0,1,0,"agua1253"
1,0,0,1,1,0,0,0,0,1,1,0,0,1,0,0,1,1,0,0,1,1,1,0,0,0,0,1,"ahin1234"
0,0,0,1,0,0,0,0,0,0,1,0,0,0,0,0,1,0,0,0,0,0,0,0,0,0,0,0,"akka1240"
0,0,0,1,0,0,0,1,0,0,1,0,0,0,0,1,0,0,0,0,1,1,0,0,0,0,0,1,"akla1241"
1,1,1,1,1,1,1,1,1,1,1,1,1,1,1,1,1,1,1,1,1,1,1,1,1,1,1,1,"alan1249"
0,0,0,1,0,0,0,0,0,0,1,0,0,0,0,0,1,0,0,0,0,1,0,0,0,0,0,0,"alba1267"
0,0,0,1,0,0,0,0,0,0,1,0,0,1,0,0,1,1,0,0,1,1,0,0,0,0,0,1,"algo1255"
0,0,0,1,0,0,0,0,0,0,1,0,0,1,0,0,1,1,0,0,1,1,0,0,0,0,0,1,"alya1239"
0,0,0,1,0,0,0,0,0,0,1,0,0,0,0,0,1,0,0,0,0,1,0,0,0,0,0,0,"amha1245"
1,0,0,1,1,0,0,0,0,1,1,0,0,1,0,0,1,1,0,0,1,1,1,0,0,0,0,1,"amis1246"
1,0,0,1,1,0,0,0,0,1,1,0,0,1,0,0,1,1,0,0,1,1,1,0,0,0,0,1,"ampi1237"
0,1,0,1,0,1,0,0,1,0,1,0,1,0,1,0,1,0,0,1,0,1,0,1,0,0,1,0,"anci1242"
0,1,0,0,0,0,0,0,1,1,0,1,0,0,0,0,0,0,1,0,1,0,0,1,0,0,1,0,"anei1239"
0,1,0,1,0,1,0,0,1,0,0,0,0,0,1,0,1,0,0,0,0,0,0,1,0,0,0,0,"aniw1237"
0,1,0,0,1,0,1,0,1,1,0,1,0,0,0,1,0,1,1,0,1,0,0,1,0,0,1,0,"anut1237"
0,0,0,1,0,0,0,0,0,0,1,0,0,1,0,0,1,1,0,0,1,1,0,0,0,0,0,1,"arab1267"
0,0,0,1,0,0,0,0,0,0,1,0,0,1,0,0,1,1,0,0,1,1,0,0,0,0,0,1,"arab1267a"
0,0,0,1,0,0,0,0,0,0,1,0,0,0,0,0,1,0,0,0,0,1,0,0,0,0,0,0,"arak1252"
0,1,0,0,1,0,1,0,1,1,0,1,0,0,0,1,0,1,1,0,1,0,0,1,0,0,1,0,"area1240"
0,0,0,0,0,0,0,0,1,0,1,0,1,0,0,0,1,0,0,1,0,1,0,0,0,0,1,0,"arik1262"
1,0,0,1,1,0,0,0,0,1,1,0,0,1,0,0,1,1,0,0,1,1,1,0,0,0,0,1,"aser1237"
0,0,0,1,0,0,0,0,1,0,1,0,1,0,0,0,1,0,0,1,0,1,0,0,0,0,1,0,"assa1263"
0,0,0,0,0,0,0,0,0,0,0,0,0,0,0,0,1,0,0,0,0,0,0,0,0,0,0,0,"assi1247"
0,0,0,1,0,0,0,0,0,0,1,0,0,0,0,0,1,0,0,0,0,1,0,0,0,0,0,0,"asut1235"
0,0,0,1,0,0,0,0,0,0,1,0,0,1,0,0,1,1,0,0,1,1,0,0,0,0,0,1,"atam1239"
1,0,0,1,1,0,0,0,0,1,1,0,0,1,0,0,1,1,0,0,1,1,1,0,0,0,0,1,"atay1247"
1,0,0,1,1,0,0,0,0,1,1,0,0,1,0,0,1,1,0,0,1,1,1,0,0,0,0,1,"atta1244"
0,0,0,1,0,0,0,0,0,0,1,0,0,0,0,0,1,0,0,0,0,1,0,0,0,0,0,0,"avat1244"
0,1,0,0,0,0,0,0,0,0,0,0,0,0,0,0,0,0,0,0,0,0,0,0,0,0,1,0,"awet1244"
0,1,0,0,0,0,0,0,1,0,0,0,0,0,0,0,0,0,0,0,0,0,0,1,0,0,1,0,"ayiw1239"
0,1,0,0,0,0,0,0,0,1,0,0,0,0,0,0,0,0,0,0,1,0,0,0,0,0,1,0,"baca1243"
0,0,0,1,0,0,0,0,0,0,1,0,0,0,0,0,1,0,0,0,0,1,0,0,0,0,0,0,"badi1246"
0,0,0,0,0,0,0,0,0,1,0,0,0,0,0,0,1,0,0,0,0,0,0,0,0,0,0,0,"baff1241"
1,0,0,1,1,0,0,0,0,1,1,0,0,1,0,0,1,1,0,0,1,1,1,0,0,0,0,1,"baho1237"
1,1,1,1,1,1,1,1,1,1,1,1,1,1,1,1,1,1,1,1,1,1,1,1,1,1,1,1,"bala1310"
1,0,0,1,1,0,0,0,0,1,1,0,0,1,0,0,1,1,0,0,1,1,1,0,0,0,0,1,"bala1314"
0,0,0,1,0,0,0,0,0,0,1,0,0,1,0,0,1,1,0,0,1,1,0,0,0,0,0,1,"bali1278"
0,1,0,0,0,0,0,0,0,1,0,0,0,0,0,0,0,0,0,0,1,0,0,0,0,0,1,0,"balu1257"
0,0,0,1,0,0,0,0,0,0,1,0,0,0,0,0,1,0,0,0,0,1,0,0,0,0,0,0,"band1339"
1,0,0,1,1,0,0,0,0,1,1,0,0,1,0,0,1,1,0,0,1,1,1,0,0,0,0,1,"banj1239"
1,1,1,1,1,1,1,1,1,1,1,1,1,1,1,1,1,1,1,1,1,1,1,1,1,1,1,1,"bann1247"
0,0,0,1,0,0,0,0,0,0,1,0,0,0,0,0,1,0,0,0,0,1,0,0,0,0,0,0,"bann1248"
0,0,0,1,0,0,0,0,1,0,1,0,1,0,0,0,1,0,0,1,0,1,0,0,0,0,1,0,"bard1254"
1,1,1,1,1,1,1,1,1,1,1,1,1,1,1,1,1,1,1,1,1,1,1,1,1,1,1,1,"bari1288"
0,1,0,0,1,0,1,0,1,1,0,1,0,0,0,1,0,1,1,0,1,0,0,1,0,0,1,0,"baro1253"
0,1,0,1,0,1,0,0,1,0,1,0,1,0,1,0,1,0,0,1,0,1,0,1,0,0,1,0,"basq1248"
0,0,0,1,0,0,0,0,0,0,1,0,0,0,0,0,1,0,0,0,0,1,0,0,0,0,0,0,"bata1285"
0,0,0,1,0,0,0,0,0,0,1,0,0,1,0,0,1,1,0,0,1,1,0,0,0,0,0,1,"bata1289"
0,0,0,1,0,0,0,0,0,0,1,0,0,0,0,0,1,0,0,0,0,1,0,0,0,0,0,0,"bats1242"
0,1,0,1,0,1,0,0,1,0,1,0,1,0,1,0,1,0,0,1,0,1,0,1,0,0,1,0,"baur1253"
0,0,0,1,0,0,0,0,0,0,1,0,0,0,0,0,1,0,0,0,0,1,0,0,0,0,0,0,"bayu1240"
1,0,0,1,1,0,0,0,0,1,1,0,0,1,0,0,1,1,0,0,1,1,1,0,0,0,0,1,"beka1241"
0,1,0,1,0,1,0,0,1,0,1,0,1,0,1,0,1,0,0,1,0,1,0,1,0,0,1,0,"bela1254"
0,0,0,1,0,0,0,0,0,0,0,0,0,0,0,0,1,0,0,0,0,1,0,0,0,0,0,0,"beng1280"
0,0,0,1,0,0,0,0,0,0,1,0,0,1,0,0,1,1,0,0,1,1,0,0,0,0,0,1,"bera1259"
0,1,0,0,1,0,1,0,1,1,0,1,0,0,0,1,0,1,1,0,1,0,0,1,0,0,1,0,"biak1248"
0,1,0,1,0,1,0,0,1,0,0,0,0,0,1,0,1,0,0,0,0,0,0,1,0,0,1,0,"bier1244"
0,1,0,0,0,0,0,0,0,1,0,0,0,0,0,0,0,0,0,0,1,0,0,0,0,0,1,0,"bign1238"
1,0,0,1,1,0,0,0,0,1,1,0,0,1,0,0,1,1,0,0,1,1,1,0,0,0,0,1,"bila1255"
1,1,1,1,1,1,1,1,1,1,1,1,1,1,1,1,1,1,1,1,1,1,1,1,1,1,1,1,"bilb1241"
0,0,0,1,0,0,0,0,0,0,1,0,0,1,0,0,1,1,0,0,1,1,0,0,0,0,0,1,"bino1237"
0,1,0,1,0,1,0,0,0,0,0,0,0,0,1,0,1,0,0,0,0,0,0,1,0,0,1,0,"binu1244"
0,0,0,1,0,0,0,0,0,0,1,0,0,0,0,0,1,0,0,0,0,1,0,0,0,0,0,0,"birh1242"
0,0,0,1,0,0,0,0,0,0,1,0,0,0,0,0,1,0,0,0,0,1,0,0,0,0,0,0,"biri1256"
0,0,0,1,0,0,0,0,0,0,1,0,0,0,0,0,1,0,0,0,0,1,0,0,0,0,0,0,"bitt1240"
0,1,0,0,1,0,1,0,1,1,0,1,0,0,0,1,0,1,1,0,1,0,0,1,0,0,1,0,"blag1240"
0,0,0,1,0,0,0,0,0,0,1,0,0,0,0,0,1,0,0,0,0,1,0,0,0,0,0,0,"bloo1239"
1,0,0,1,1,0,0,0,0,1,1,0,0,1,0,0,1,1,0,0,1,1,1,0,0,0,0,1,"boan1243"
1,1,1,1,1,1,1,1,1,1,1,1,1,1,1,1,1,1,1,1,1,1,1,1,1,1,1,1,"bont1247"
0,1,0,0,1,0,1,0,1,1,0,1,0,0,0,1,0,1,1,0,1,0,0,1,0,0,1,0,"boun1245"
0,1,0,1,0,1,0,0,1,0,1,0,1,0,1,0,1,0,0,1,0,1,0,1,0,0,1,0,"bret1244"
0,0,0,0,0,0,0,0,0,0,0,0,0,0,0,0,1,0,0,0,0,0,0,0,0,0,0,0,"brul1239"
1,1,1,1,1,1,1,1,1,1,1,1,1,1,1,1,1,1,1,1,1,1,1,1,1,1,1,1,"budz1238"
1,1,1,1,1,1,1,1,1,1,1,1,1,1,1,1,1,1,1,1,1,1,1,1,1,1,1,1,"buhi1245"
1,1,1,1,1,1,1,1,1,1,1,1,1,1,1,1,1,1,1,1,1,1,1,1,1,1,1,1,"buin1247"
1,1,1,1,1,1,1,1,1,1,1,1,1,1,1,1,1,1,1,1,1,1,1,1,1,1,1,1,"buka1261"
1,0,0,1,1,0,0,0,0,1,1,0,0,1,0,0,1,1,0,0,1,1,1,0,0,0,0,1,"buku1249"
0,0,0,1,0,0,0,0,0,0,1,0,0,0,0,0,1,0,0,0,0,1,0,0,0,0,0,0,"bulg1262"
0,1,0,0,1,0,1,0,0,1,0,0,0,0,0,1,0,1,0,0,1,0,0,0,0,0,1,0,"buli1256"
0,0,0,1,0,0,0,0,0,0,1,0,0,0,0,0,1,0,0,0,0,1,0,0,0,0,0,0,"bung1264"
1,0,0,1,1,0,0,0,0,1,1,0,0,1,0,0,1,1,0,0,1,1,1,0,0,0,0,1,"bung1269"
1,0,0,1,1,0,0,0,0,1,1,0,0,1,0,0,1,1,0,0,1,1,1,0,0,0,0,1,"bunu1267"
0,0,0,0,0,0,0,0,0,0,1,0,0,0,0,0,0,0,0,0,0,0,0,0,0,0,0,0,"burm1266"
0,1,0,0,0,0,0,0,0,1,0,0,0,0,0,0,0,0,0,0,1,0,0,0,0,0,1,0,"buru1303"
0,1,0,1,0,1,0,0,1,0,1,0,1,0,1,0,1,0,0,1,0,1,0,1,0,0,1,0,"bush1247"
0,0,0,1,0,0,0,0,1,0,1,0,1,0,0,0,1,0,0,1,0,1,0,0,0,0,1,0,"butm1237"
1,0,0,1,1,0,0,0,0,1,1,0,0,1,0,0,1,1,0,0,1,1,1,0,0,0,0,1,"casi1235"
0,0,0,1,0,0,0,0,0,0,1,0,0,0,0,0,1,0,0,0,0,1,0,0,0,0,0,0,"cayu1261"
1,0,0,1,1,0,0,0,0,1,1,0,0,1,0,0,1,1,0,0,1,1,1,0,0,0,0,1,"cebu1242"
0,1,0,1,0,1,0,0,1,0,1,0,1,0,1,0,1,0,0,1,0,1,0,1,0,0,1,0,"cent1972"
0,1,0,0,0,0,0,0,0,1,0,0,0,0,0,0,0,0,0,0,1,0,0,0,0,0,1,0,"cent2084"
1,1,1,1,1,1,1,1,1,1,1,1,1,1,1,1,1,1,1,1,1,1,1,1,1,1,1,1,"cent2089"
1,0,0,1,1,0,0,0,0,1,1,0,0,1,0,0,1,1,0,0,1,1,1,0,0,0,0,1,"cent2092"
0,1,0,0,0,0,0,0,1,0,0,0,0,0,0,0,0,0,0,0,0,0,0,1,0,0,1,0,"cent2101"
0,0,0,1,0,0,0,0,0,0,1,0,0,0,0,0,1,0,0,0,0,1,0,0,0,0,0,0,"cent2131"
0,0,0,1,0,0,0,0,0,0,1,0,0,0,0,0,1,0,0,0,0,1,0,0,0,0,0,0,"cent2142"
0,0,0,1,0,0,0,0,0,0,1,0,0,0,0,0,1,0,0,0,0,1,0,0,0,0,0,0,"chac1249"
0,1,0,1,0,1,0,0,1,0,1,0,1,0,1,0,1,0,0,1,0,1,0,1,0,0,1,0,"cham1312"
0,0,0,1,0,0,0,0,0,0,1,0,0,0,0,0,1,0,0,0,0,1,0,0,0,0,0,0,"chav1241"
0,1,0,0,1,0,1,0,0,1,0,0,0,0,0,1,0,1,0,0,1,0,0,0,0,0,1,0,"chek1238"
0,0,0,1,0,0,0,0,0,0,1,0,0,0,0,0,1,0,0,0,0,1,0,0,0,0,0,0,"chen1255"
0,0,0,1,0,0,0,0,0,0,1,0,0,0,0,0,1,0,0,0,0,1,0,0,0,0,0,0,"chep1245"
0,1,0,0,1,0,1,0,1,0,0,0,0,0,0,1,0,1,0,0,0,0,0,0,0,0,1,0,"cher1273"
0,0,0,1,0,0,0,0,0,0,1,0,0,1,0,0,1,1,0,0,1,1,0,0,0,0,0,1,"chey1247"
0,1,0,0,0,0,0,0,0,0,0,0,0,0,0,0,0,0,0,0,1,0,0,0,0,0,1,0,"chic1270"
0,0,0,1,0,0,0,0,0,0,1,0,0,0,0,0,1,0,0,0,0,1,0,0,0,0,0,0,"chip1261"
0,0,0,1,0,0,0,0,0,0,1,0,0,1,0,0,1,1,0,0,1,1,0,0,0,0,0,1,"chip1262"
0,0,0,0,0,0,0,0,0,1,0,0,0,0,0,0,0,0,0,0,1,0,0,0,0,0,1,0,"choc1276"
0,1,0,0,1,0,1,0,1,1,0,1,0,0,0,1,0,1,1,0,1,0,0,1,0,0,1,0,"chok1245"
0,1,0,0,0,0,0,0,0,1,0,0,0,0,0,0,0,0,0,0,1,0,0,0,0,0,1,0,"chuu1238"
0,1,0,0,0,0,0,0,1,0,0,0,0,0,0,0,0,0,0,0,0,0,0,1,0,0,1,0,"cint1239"
0,1,0,1,0,1,0,0,1,0,1,0,1,0,1,0,1,0,0,1,0,1,0,1,0,0,1,0,"clas1250"
0,1,0,0,0,0,0,0,1,0,0,0,0,0,0,0,0,0,0,0,0,0,0,1,0,0,1,0,"coca1259"
0,0,0,1,0,0,0,0,0,0,1,0,0,0,0,0,1,0,0,0,0,1,0,0,0,0,0,0,"coco1261"
0,0,0,1,0,0,0,0,0,0,1,0,0,0,0,0,0,1,0,0,1,0,0,0,0,0,0,0,"cogu1240"
0,1,0,1,0,1,0,0,1,0,1,0,1,0,1,0,1,0,0,1,0,1,0,1,0,0,1,0,"colo1249"
0,0,0,1,0,0,0,0,0,0,1,0,0,0,0,0,1,0,0,0,0,1,0,0,0,0,0,0,"coma1245"
0,0,0,1,0,0,0,0,0,0,1,0,0,1,0,0,1,1,0,0,1,1,0,0,0,0,0,1,"comm1246"
0,0,0,0,0,0,0,0,0,1,0,0,0,0,0,0,0,0,0,0,1,0,0,0,0,0,0,0,"copp1244"
0,1,0,1,0,1,0,0,1,0,1,0,1,0,1,0,1,0,0,1,0,1,0,1,0,0,1,0,"corn1251"
0,1,0,0,0,0,0,0,0,1,0,0,0,0,0,0,0,0,0,0,1,0,0,0,0,0,1,0,"cota1241"
0,0,0,0,0,0,0,0,0,0,0,0,0,0,0,0,0,0,0,0,1,0,0,0,0,0,1,0,"cree1270"
0,0,0,1,0,0,0,0,0,0,1,0,0,1,0,0,1,1,0,0,1,1,0,0,0,0,0,1,"cree1272"
0,0,0,0,0,0,0,0,0,0,0,0,0,0,0,0,1,0,0,0,0,0,0,0,0,0,0,0,"crow1244"
0,0,0,1,0,0,0,0,0,0,1,0,0,0,0,0,1,0,0,0,0,1,0,0,0,0,0,0,"cruz1243"
0,0,0,1,0,0,0,0,0,0,1,0,0,0,0,0,1,0,0,0,0,1,0,0,0,0,0,0,"cupe1243"
0,1,0,0,1,0,1,0,1,0,0,0,0,0,0,1,0,1,0,0,0,0,0,1,0,0,1,0,"cusc1236"
0,1,0,1,0,1,0,0,1,0,1,0,1,0,1,0,1,0,0,1,0,1,0,1,0,0,1,0,"czec1258"
0,1,0,0,0,0,0,0,1,0,0,0,0,0,0,0,0,0,0,0,0,0,0,1,0,0,1,0,"daka1243"
0,0,0,0,0,0,0,0,0,0,0,0,0,0,0,0,1,0,0,0,0,0,0,0,0,0,0,0,"dako1258"
1,0,0,1,1,0,0,0,0,1,1,0,0,1,0,0,1,1,0,0,1,1,1,0,0,0,0,1,"damp1237"
0,0,0,1,0,0,0,0,0,0,1,0,0,0,0,0,1,0,0,0,0,1,0,0,0,0,0,0,"dand1238"
0,0,0,1,0,0,0,0,0,0,1,0,0,0,0,0,1,0,0,0,0,1,0,0,0,0,0,0,"dani1285"
0,1,0,1,0,1,0,0,1,0,1,0,1,0,1,0,1,0,0,1,0,1,0,1,0,0,1,0,"dari1249"
0,0,0,1,0,0,0,0,0,0,1,0,0,0,0,0,1,0,0,0,0,1,0,0,0,0,0,0,"darl1243"
0,1,0,1,0,1,0,0,1,0,1,0,1,0,1,0,1,0,0,1,0,1,0,1,0,0,1,0,"dege1248"
0,0,0,1,0,0,0,0,0,0,1,0,0,1,0,0,1,1,0,0,1,1,0,0,0,0,0,1,"deho1238"
1,0,0,1,1,0,0,0,0,1,1,0,0,0,0,0,1,0,0,0,0,1,1,0,0,0,0,0,"dhar1248"
0,0,0,1,0,0,0,0,0,0,1,0,0,0,0,0,1,0,0,0,0,1,0,0,0,0,0,0,"dhar1248a"
0,0,0,1,0,0,0,0,0,0,1,0,1,1,0,0,1,0,0,0,1,0,0,0,0,0,1,0,"dhuw1248"
0,0,0,1,0,0,0,0,1,0,1,0,1,0,0,0,1,0,0,1,0,1,0,0,0,0,1,0,"dhuw1249"
0,0,0,1,0,0,0,0,0,0,1,0,0,1,0,0,1,1,0,0,1,1,0,0,0,0,0,1,"dier1241"
0,1,0,1,0,1,0,0,0,0,1,0,0,0,1,0,1,0,0,0,0,0,0,1,0,0,0,0,"dier1241a"
1,0,0,1,1,0,0,0,0,1,1,0,0,1,0,0,1,1,0,0,1,1,1,0,0,0,0,1,"digo1243"
0,0,0,1,0,0,0,0,0,0,1,0,0,0,0,0,1,0,0,0,0,1,0,0,0,0,0,0,"ding1239"
0,0,0,1,0,0,0,0,0,0,1,0,0,1,0,0,1,1,0,0,1,1,0,0,0,0,0,1,"djam1256"
0,0,0,1,0,0,0,0,0,0,1,0,0,0,0,0,1,0,0,0,0,1,0,0,0,0,0,0,"djin1251"
0,0,0,1,0,0,0,0,1,0,1,0,1,0,0,0,1,0,0,1,0,1,0,0,0,0,1,0,"djin1253"
0,0,0,1,0,0,0,0,1,0,1,0,1,0,0,0,0,0,0,1,0,1,0,0,0,0,1,0,"djin1253a"
0,0,0,1,0,0,0,0,0,0,1,0,0,0,0,0,1,0,0,0,0,1,0,0,0,0,0,0,"dogr1252"
1,0,0,1,1,0,0,0,0,1,1,0,0,1,0,0,1,1,0,0,1,1,1,0,0,0,0,1,"dond1249"
1,0,0,1,1,0,0,0,0,1,1,0,0,1,0,0,1,1,0,0,1,1,1,0,0,0,0,1,"dual1243"
0,1,0,0,1,0,1,0,1,0,0,0,0,0,0,1,0,1,0,0,0,0,0,1,0,0,1,0,"duna1248"
1,0,0,1,1,0,0,0,0,1,1,0,0,1,0,0,1,1,0,0,1,1,1,0,0,0,0,1,"dupa1235"
0,1,0,1,0,1,0,0,1,0,1,0,1,0,1,0,1,0,0,1,0,1,0,1,0,0,1,0,"dutc1256"
0,1,0,1,0,1,0,0,0,0,1,0,0,0,1,0,1,0,0,0,0,1,0,1,0,0,0,0,"duun1241"
0,0,0,1,0,0,0,0,0,0,1,0,0,0,0,0,1,0,0,0,0,1,0,0,0,0,0,0,"dyir1250"
0,0,0,1,0,0,0,0,0,0,1,0,0,0,0,0,1,0,0,0,0,1,0,0,0,0,0,0,"dzon1239"
0,0,0,1,0,0,0,0,0,0,1,0,0,0,0,0,1,0,0,0,0,1,0,0,0,0,0,0,"east1436"
0,0,0,1,0,0,0,0,0,0,1,0,0,0,0,0,1,0,0,0,0,1,0,0,0,0,0,0,"east2283"
0,0,0,1,0,0,0,0,0,0,1,0,0,0,0,0,1,0,0,0,0,1,0,0,0,0,0,0,"east2295"
0,0,0,1,0,0,0,0,0,0,1,0,0,0,0,0,1,0,0,0,0,1,0,0,0,0,0,0,"east2328"
0,1,0,0,1,0,1,0,1,1,0,1,0,0,0,1,0,1,1,0,1,0,0,1,0,0,1,0,"east2443"
0,1,0,0,1,0,1,0,1,1,0,1,0,0,0,1,0,1,1,0,1,0,0,1,0,0,1,0,"east2447"
0,1,0,0,1,0,1,0,1,0,0,0,0,0,0,1,0,1,0,0,0,0,0,1,0,0,1,0,"east2516"
0,0,0,1,0,0,0,0,0,0,1,0,0,0,0,0,1,0,0,0,0,1,0,0,0,0,0,0,"east2555"
0,1,0,1,0,1,0,0,1,0,1,0,1,0,1,0,1,0,0,1,0,1,0,1,0,0,1,0,"elam1244"
0,1,0,1,0,1,0,0,1,0,1,0,1,0,1,0,1,0,0,1,0,1,0,1,0,0,1,0,"emau1237"
0,1,0,0,0,0,0,0,0,1,0,0,0,0,0,0,0,0,0,0,1,0,0,0,0,0,1,0,"ende1235"
0,0,0,1,0,0,0,0,0,0,1,0,0,0,0,0,1,0,0,0,0,1,0,0,0,0,0,0,"epen1239"
0,1,0,0,1,0,1,0,1,0,0,0,0,0,0,1,0,1,0,0,0,0,0,1,0,0,1,0,"erav1244"
0,0,0,1,0,0,0,0,0,0,1,0,0,0,0,0,1,0,0,0,0,1,0,0,0,0,0,0,"erzy1239"
0,0,0,1,0,0,0,0,0,0,1,0,0,0,0,0,1,0,0,0,0,1,0,0,0,0,0,0,"eude1234"
0,0,0,1,0,0,0,0,0,0,1,0,0,0,0,0,1,0,0,0,0,1,0,0,0,0,0,0,"fang1246"
1,0,0,1,1,0,0,0,0,1,1,0,0,0,0,0,1,0,0,0,0,1,1,0,0,0,0,0,"fefe1239"
0,1,0,0,0,0,0,0,0,1,0,0,0,0,0,0,0,0,0,0,1,0,0,0,0,0,1,0,"fiji1243"
0,1,0,1,0,1,0,0,1,0,1,0,1,0,1,0,1,0,0,1,0,1,0,1,0,0,1,0,"finn1318"
0,1,0,0,1,0,1,0,1,1,0,1,0,0,0,1,0,1,1,0,1,0,0,1,0,0,1,0,"fipa1238"
0,0,0,0,1,0,0,1,1,0,0,1,0,1,0,0,1,0,0,0,1,0,0,0,0,0,0,0,"fort1240"
0,0,0,1,0,0,0,0,0,0,1,0,0,0,0,0,1,0,0,0,0,1,0,0,0,0,0,0,"fris1239"
0,1,0,0,1,0,1,0,1,1,0,1,0,0,0,1,0,1,1,0,1,0,0,1,0,0,1,0,"futu1245"
1,1,1,1,1,1,1,1,1,1,1,1,1,1,1,1,1,1,1,1,1,1,1,1,1,1,1,1,"gada1258"
0,1,0,0,0,0,0,0,0,1,0,0,0,0,0,0,0,0,0,0,1,0,0,0,0,0,1,0,"gale1259"
0,0,0,0,0,0,0,0,0,0,0,0,0,0,0,0,0,0,0,0,0,0,0,0,0,0,0,0,"gali1262"
0,0,0,1,0,0,0,0,0,0,1,0,0,0,0,0,1,0,0,0,0,1,0,0,0,0,0,0,"gami1243"
0,0,0,0,1,0,0,0,0,1,0,0,0,0,0,0,0,1,0,0,1,0,0,0,0,0,0,0,"gand1255"
0,1,0,0,0,0,0,0,0,1,0,0,0,0,0,0,0,0,0,0,1,0,0,0,0,0,1,0,"gane1237"
0,0,0,0,0,0,0,0,0,0,1,0,0,1,0,0,1,1,0,0,1,1,0,0,0,0,0,1,"gang1267"
0,0,0,0,0,0,0,0,0,0,1,0,0,1,0,0,1,0,0,0,1,0,0,0,0,0,0,0,"gang1267a"
0,1,0,0,1,0,1,0,1,1,0,1,0,0,0,1,0,1,1,0,1,0,0,1,0,0,1,0,"gayo1244"
0,1,0,0,1,0,1,0,0,1,0,0,0,0,0,1,0,1,0,0,1,0,0,0,0,0,1,0,"gela1263"
0,0,0,0,1,0,0,0,0,0,0,0,0,0,0,0,1,0,0,0,0,0,0,0,0,0,0,0,"gilb1244"
0,0,0,1,0,0,0,0,1,0,1,0,1,0,0,0,1,0,0,1,0,1,0,0,0,0,1,0,"giry1241"
0,1,0,1,0,1,0,0,0,0,1,0,0,0,1,0,1,0,0,0,0,1,0,1,0,0,0,0,"gond1265"
0,1,0,1,0,1,0,0,1,0,1,0,1,0,1,0,1,0,0,1,0,1,0,1,0,0,1,0,"goth1244"
0,0,0,1,0,0,0,0,0,0,1,0,0,0,0,0,1,0,0,0,0,0,0,0,0,0,0,0,"gros1243"
0,1,0,0,0,0,0,0,1,1,0,1,0,0,0,0,0,0,1,0,1,0,0,1,0,0,1,0,"guaj1256"
0,0,0,1,0,0,0,0,0,0,1,0,0,0,0,0,1,0,0,0,0,1,0,0,0,0,0,0,"gugu1255"
0,0,0,1,0,0,0,0,0,0,1,0,0,0,0,0,1,0,0,0,0,1,0,0,0,0,0,0,"gugu1255a"
0,1,0,1,0,1,0,0,0,0,1,0,0,0,1,0,1,0,0,0,0,1,0,1,0,0,0,0,"guja1252"
0,0,0,1,0,0,0,0,0,0,1,0,0,1,0,0,1,1,0,0,1,1,0,0,0,0,0,1,"guma1253"
1,0,0,1,1,0,0,0,0,1,1,0,0,1,0,0,1,1,0,0,1,1,1,0,0,0,0,1,"gunt1241"
0,0,0,1,0,0,0,0,0,0,1,0,1,0,0,0,0,0,0,0,1,0,0,0,0,0,1,0,"gunw1252"
0,0,0,1,0,0,0,0,0,0,1,0,0,0,0,0,1,0,0,0,0,1,0,0,0,0,0,0,"guny1241"
0,0,0,1,0,0,0,0,0,0,1,0,0,0,0,0,1,0,0,0,0,1,0,0,0,0,0,0,"gupa1247"
0,0,0,1,0,0,0,0,0,0,1,0,0,0,0,0,1,0,0,0,0,1,0,0,0,0,0,0,"guri1247"
0,1,0,1,0,1,0,0,1,0,1,0,1,0,1,0,1,0,0,1,0,1,0,1,0,0,1,0,"gusi1247"
0,0,0,1,0,0,0,0,0,0,1,0,0,0,0,0,1,0,0,0,0,1,0,0,0,0,0,0,"gwic1235"
1,1,1,1,1,1,1,1,1,1,1,1,1,1,1,1,1,1,1,1,1,1,1,1,1,1,1,1,"gwii1239"
0,0,0,0,1,0,0,0,1,1,0,1,0,0,0,0,0,1,1,0,1,0,0,1,0,0,0,0,"hano1246"
0,1,0,0,1,0,1,0,1,1,0,1,0,0,0,1,0,1,1,0,1,0,0,1,0,0,1,0,"hano1246a"
0,1,0,0,1,0,1,0,1,1,0,1,0,0,0,1,0,1,1,0,1,0,0,1,0,0,1,0,"hano1246b"
1,1,1,1,1,1,1,1,1,1,1,1,1,1,1,1,1,1,1,1,1,1,1,1,1,1,1,1,"hanu1241"
0,0,0,1,0,0,0,0,0,0,1,0,0,0,0,0,1,0,0,0,0,1,0,0,0,0,0,0,"hare1243"
0,1,0,0,0,0,0,0,1,1,0,1,0,0,0,0,0,0,1,0,1,0,0,1,0,0,1,0,"hawa1245"
1,0,0,1,1,0,0,0,0,1,1,0,0,1,0,0,1,1,0,0,1,1,1,0,0,0,0,1,"haya1250"
0,0,0,1,0,0,0,0,0,0,1,0,0,1,0,0,1,1,0,0,1,1,0,0,0,0,0,1,"here1253"
0,0,0,0,0,0,0,0,0,0,0,0,0,0,0,0,1,0,0,0,0,1,0,0,0,0,0,0,"hida1246"
1,1,1,1,1,1,1,1,1,1,1,1,1,1,1,1,1,1,1,1,1,1,1,1,1,1,1,1,"high1278"
1,1,1,1,1,1,1,1,1,1,1,1,1,1,1,1,1,1,1,1,1,1,1,1,1,1,1,1,"hili1240"
0,0,0,1,0,0,0,0,0,0,1,0,0,0,0,0,1,0,0,0,0,1,0,0,0,0,0,0,"hind1269"
0,1,0,1,0,1,0,0,1,0,1,0,1,0,1,0,1,0,0,1,0,1,0,1,0,0,1,0,"hitt1242"
0,1,0,0,1,0,1,0,1,1,0,1,0,0,0,1,0,1,1,0,1,0,0,1,0,0,1,0,"hiww1237"
0,0,0,1,0,0,0,0,0,0,1,0,0,0,0,0,1,0,0,0,0,1,0,0,0,0,0,0,"homs1234"
0,0,0,1,0,0,0,0,0,0,1,0,0,1,0,0,1,1,0,0,1,1,0,0,0,0,0,1,"hopi1249"
0,0,0,1,0,0,0,0,0,0,1,0,0,0,0,0,1,0,0,0,0,1,0,0,0,0,0,0,"huar1255"
0,0,0,1,0,0,0,0,0,0,1,0,0,0,0,0,1,0,0,0,0,1,0,0,0,0,0,0,"hung1274"
0,0,0,1,0,0,0,0,0,0,1,0,0,0,0,0,1,0,0,0,0,1,0,0,0,0,0,0,"hupa1239"
1,1,1,1,1,1,1,1,1,1,1,1,1,1,1,1,1,1,1,1,1,1,1,1,1,1,1,1,"ibal1244"
1,1,1,1,1,1,1,1,1,1,1,1,1,1,1,1,1,1,1,1,1,1,1,1,1,1,1,1,"iban1264"
1,1,1,1,1,1,1,1,1,1,1,1,1,1,1,1,1,1,1,1,1,1,1,1,1,1,1,1,"iban1267"
0,1,0,1,0,1,0,0,1,0,1,0,1,0,1,0,1,0,0,1,0,1,0,1,0,0,1,0,"icel1247"
1,0,0,1,1,0,0,0,0,1,1,0,0,1,0,0,1,1,0,0,1,1,1,0,0,0,0,1,"idaa1241"
1,0,0,1,1,0,0,0,0,1,1,0,0,1,0,0,1,1,0,0,1,1,1,0,0,0,0,1,"idii1243"
1,1,1,1,1,1,1,1,1,1,1,1,1,1,1,1,1,1,1,1,1,1,1,1,1,1,1,1,"ifug1247"
1,0,0,1,1,0,0,0,0,1,1,0,0,0,0,0,1,0,0,0,0,1,1,0,0,0,0,0,"igna1246"
0,1,0,0,1,0,1,0,1,1,0,1,0,0,0,1,0,1,1,0,1,0,0,1,0,0,1,0,"iliu1237"
0,1,0,1,0,1,0,0,1,0,1,0,1,0,1,0,1,0,0,1,0,1,0,1,0,0,1,0,"ilok1237"
0,0,0,1,0,0,0,0,0,0,1,0,0,0,0,0,1,0,0,0,0,1,0,0,0,0,0,0,"inan1242"
1,0,0,1,1,0,0,0,0,1,1,0,0,1,0,0,1,1,0,0,1,1,1,0,0,0,0,1,"indo1316"
1,0,0,1,1,0,0,0,0,1,1,0,0,1,0,0,1,1,0,0,1,1,1,0,0,0,0,1,"indo1317"
0,1,0,1,0,1,0,0,1,0,1,0,1,0,1,0,1,0,0,1,0,1,0,1,0,0,1,0,"ingr1248"
0,0,0,1,0,0,0,0,0,0,0,0,0,0,0,0,0,0,0,0,0,0,0,0,0,0,0,0,"iowa1245"
1,1,1,1,1,1,1,1,1,1,1,1,1,1,1,1,1,1,1,1,1,1,1,1,1,1,1,1,"iray1237"
0,1,0,1,0,1,0,0,1,0,1,0,1,0,1,0,1,0,0,1,0,1,0,1,0,0,1,0,"iris1253"
1,1,1,1,1,1,1,1,1,1,1,1,1,1,1,1,1,1,1,1,1,1,1,1,1,1,1,1,"isna1241"
0,1,0,1,0,1,0,0,1,0,1,0,1,0,1,0,1,0,0,1,0,1,0,1,0,0,1,0,"ital1282"
0,1,0,1,0,1,0,0,1,0,1,0,1,0,1,0,1,0,0,1,0,1,0,1,0,0,1,0,"iton1250"
0,0,0,1,0,0,0,0,0,0,1,0,0,0,0,0,1,0,0,0,0,1,0,0,0,0,0,0,"itsa1239"
1,0,0,1,1,0,0,0,0,1,1,0,0,1,0,0,1,1,0,0,1,1,1,0,0,0,0,1,"ivat1242"
0,0,0,1,0,0,0,0,0,0,1,0,0,0,0,0,1,0,0,0,0,1,0,0,0,0,0,0,"jama1262"
0,0,0,1,0,0,0,0,0,0,1,0,0,0,0,0,1,0,0,0,0,1,0,0,0,0,0,0,"japa1256"
0,0,0,1,0,0,0,0,0,0,1,0,0,1,0,0,1,1,0,0,1,1,0,0,0,0,0,1,"jaru1254"
0,0,0,1,0,0,0,0,0,0,1,0,0,0,0,0,1,0,0,0,0,1,0,0,0,0,0,0,"java1254"
0,1,0,1,0,1,0,0,1,0,1,0,1,0,1,0,1,0,0,1,0,1,0,1,0,0,1,0,"jica1244"
0,0,0,1,0,0,0,1,1,0,1,1,1,1,0,1,1,1,0,1,1,1,0,0,0,1,1,1,"jing1260"
0,0,0,1,0,0,0,0,0,0,1,0,0,1,0,0,1,1,0,0,1,1,0,0,0,0,0,1,"juho1239"
1,0,0,1,1,0,0,0,0,1,1,0,0,1,0,0,1,1,0,0,1,1,1,0,0,0,0,1,"kaba1285"
0,0,0,1,0,0,0,0,0,0,1,0,0,0,0,0,1,0,0,0,0,1,0,0,0,0,0,0,"kada1242"
0,1,0,1,0,1,0,0,1,0,1,0,1,0,1,0,1,0,0,1,0,1,0,1,0,0,1,0,"kada1286"
0,0,0,0,0,0,0,0,0,0,0,0,0,0,0,0,0,0,0,0,0,0,0,0,0,0,0,0,"kaiw1246"
0,1,0,0,1,0,1,0,1,1,0,1,0,0,0,1,0,1,1,0,1,0,0,1,0,0,1,0,"kala1377"
1,0,0,1,1,0,0,0,0,1,1,0,0,1,0,0,1,1,0,0,1,1,1,0,0,0,0,1,"kala1397"
0,0,0,0,0,0,0,0,0,0,0,0,0,0,0,0,0,0,0,0,0,0,0,0,0,0,0,0,"kala1399"
0,0,0,1,0,0,0,0,0,0,1,0,0,1,0,0,1,1,0,0,1,1,0,0,0,0,0,1,"kalk1246"
1,0,0,1,1,0,0,0,0,1,1,0,0,1,0,0,1,1,0,0,1,1,1,0,0,0,0,1,"kama1365"
0,1,0,0,0,0,0,0,0,0,0,0,0,0,0,0,0,0,0,0,0,0,0,0,0,0,1,0,"kama1373"
1,0,0,1,1,0,0,0,0,1,1,0,0,1,0,0,1,1,0,0,1,1,1,0,0,0,0,1,"kamb1297"
0,1,0,0,0,0,0,0,1,0,0,0,0,0,0,0,0,0,0,0,0,0,0,1,0,0,1,0,"kamb1299"
1,0,0,1,1,0,0,0,0,1,1,0,0,1,0,0,1,1,0,0,1,1,1,0,0,0,0,1,"kank1243"
0,0,0,0,0,0,0,0,0,0,0,0,0,0,0,0,1,0,0,0,0,0,0,0,0,0,0,0,"kans1243"
1,0,0,1,1,0,0,0,0,1,1,0,0,1,0,0,1,1,0,0,1,1,1,0,0,0,0,1,"kaon1241"
1,1,1,1,1,1,1,1,1,1,1,1,1,1,1,1,1,1,1,1,1,1,1,1,1,1,1,1,"kapi1249"
0,1,0,0,1,0,1,0,1,1,0,1,0,0,0,1,0,1,1,0,1,0,0,1,0,0,1,0,"kapi1249a"
0,0,0,1,0,0,0,0,0,0,1,0,0,1,0,0,1,1,0,0,1,1,0,0,0,0,0,1,"kara1476"
0,0,0,0,0,0,0,0,0,0,0,0,0,0,0,0,0,0,0,0,0,0,0,0,0,0,0,0,"kara1499"
0,0,0,1,0,0,0,0,0,0,0,0,0,0,0,0,1,0,0,0,0,1,0,0,0,0,0,0,"kare1337"
0,0,1,1,0,0,1,0,0,0,1,0,0,0,0,0,1,0,1,0,0,1,0,0,1,0,0,0,"kari1304"
0,0,0,1,0,0,0,0,0,0,1,0,0,0,0,0,1,0,0,0,0,1,0,0,0,0,0,0,"karo1304"
1,0,0,1,1,0,0,0,0,1,1,0,0,1,0,0,1,1,0,0,1,1,1,0,0,0,0,1,"kart1247"
0,1,0,1,0,1,0,0,1,0,1,0,1,0,1,0,1,0,0,1,0,1,0,1,0,0,1,0,"kash1277"
0,0,0,1,0,0,0,0,0,0,1,0,0,0,0,0,1,0,0,0,0,1,0,0,0,0,0,0,"kash1280"
0,1,0,0,0,0,0,0,0,0,0,0,0,0,0,0,0,0,0,0,0,0,0,0,0,0,0,0,"katb1237"
0,0,0,1,0,0,0,0,0,0,1,0,0,1,0,0,1,1,0,0,1,1,0,0,0,0,0,1,"kaur1267"
0,0,0,1,0,0,0,0,0,0,1,0,0,0,0,0,1,0,0,0,0,1,0,0,0,0,0,0,"kawa1283"
0,1,0,0,1,0,1,0,0,0,0,0,0,0,0,1,0,1,0,0,1,0,0,0,0,0,1,0,"kaya1318"
0,1,0,0,0,0,0,0,0,0,0,0,0,0,0,0,0,0,0,0,0,0,0,0,0,0,1,0,"kaya1329"
0,0,0,1,0,0,0,0,0,0,1,0,0,0,0,0,0,0,0,0,0,0,0,0,0,0,0,0,"kick1244"
1,0,0,1,1,0,0,0,0,1,1,0,0,1,0,0,1,1,0,0,1,1,1,0,0,0,0,1,"kiku1240"
0,1,0,0,1,0,1,0,0,1,0,0,0,0,0,1,0,1,0,0,1,0,0,0,0,0,1,0,"kili1267"
0,1,0,1,0,1,0,0,1,0,1,0,1,0,1,0,1,0,0,1,0,1,0,1,0,0,1,0,"kiow1264"
1,0,0,1,1,0,0,0,0,1,1,0,0,1,0,0,1,1,0,0,1,1,1,0,0,0,0,1,"kipu1237"
0,1,0,0,1,0,1,0,0,1,0,0,0,0,0,1,0,1,0,0,1,0,0,0,0,0,1,0,"kira1248"
0,0,0,1,0,0,0,0,0,0,1,0,0,0,0,0,1,0,0,0,0,1,0,0,0,0,0,0,"kiwa1251"
1,0,0,1,1,0,0,0,0,1,1,0,0,1,0,0,1,1,0,0,1,1,1,0,0,0,0,1,"klon1234"
0,0,0,1,0,0,0,0,0,0,1,0,0,0,0,0,1,0,0,0,0,1,0,0,0,0,0,0,"koda1255"
1,0,0,1,1,0,0,0,0,1,1,0,0,1,0,0,1,1,0,0,1,1,1,0,0,0,0,1,"kode1237"
0,0,0,1,0,0,0,0,1,0,1,0,1,0,0,0,1,0,0,1,0,1,0,0,0,0,1,0,"komb1273"
0,0,0,1,0,0,0,0,0,0,1,0,0,0,0,0,1,0,0,0,0,1,0,0,0,0,0,0,"komc1235"
1,0,0,1,1,0,0,0,0,1,1,0,0,1,0,0,1,1,0,0,1,1,1,0,0,0,0,1,"komn1238"
0,0,0,1,0,0,0,0,0,0,1,0,0,0,0,0,1,0,0,0,0,1,0,0,0,0,0,0,"komo1260"
1,0,0,1,1,0,0,0,0,1,1,0,0,1,0,0,1,1,0,0,1,1,1,0,0,0,0,1,"kona1243"
1,0,0,1,1,0,0,0,0,1,1,0,0,1,0,0,1,1,0,0,1,1,1,0,0,0,0,1,"koro1311"
0,0,0,1,0,0,0,0,0,0,1,0,0,0,0,0,1,0,0,0,0,1,0,0,0,0,0,0,"kosr1238"
0,1,0,0,0,0,0,0,0,1,0,0,0,0,0,0,0,0,0,0,1,0,0,0,0,0,1,0,"kota1274"
1,0,0,1,1,0,0,0,0,1,1,0,0,0,0,0,1,0,0,0,0,1,1,0,0,0,0,0,"kris1246"
0,1,0,0,1,0,1,0,1,1,0,1,0,0,0,1,0,1,1,0,1,0,0,1,0,0,1,0,"kuan1248"
0,0,0,1,0,0,0,0,0,0,1,0,0,0,0,0,1,0,0,0,0,1,0,0,0,0,0,0,"kuii1252"
1,0,0,1,1,0,0,0,0,1,1,0,0,0,0,0,1,0,0,0,0,1,1,0,0,0,0,0,"kuka1246"
0,0,0,1,0,0,0,0,0,0,1,0,0,0,0,0,1,0,0,0,0,1,0,0,0,0,0,0,"kuku1273"
1,0,0,1,1,0,0,0,0,1,1,0,0,1,0,0,1,1,0,0,1,1,1,0,0,0,0,1,"kuli1254"
0,0,0,1,0,0,0,0,0,0,1,0,0,0,0,0,1,0,0,0,0,1,0,0,0,0,0,0,"kuma1273"
0,0,0,1,0,0,0,0,0,0,1,0,0,0,0,0,1,0,0,0,0,1,0,0,0,0,0,0,"kumb1268"
0,0,0,1,0,0,0,0,0,0,1,0,0,0,0,0,1,0,0,0,0,1,0,0,0,0,0,0,"kumy1244"
0,0,0,1,0,0,0,0,0,0,1,0,0,0,0,0,1,0,0,0,0,1,0,0,0,0,0,0,"kunj1248"
0,0,0,1,0,0,0,0,0,0,1,0,0,0,0,0,1,0,0,0,0,1,0,0,0,0,0,0,"kuru1302"
0,0,0,1,0,0,0,0,0,0,1,0,0,0,0,0,1,0,0,0,0,0,0,0,0,0,0,0,"kute1249"
0,0,0,1,0,0,0,0,0,0,1,0,0,1,0,0,1,1,0,0,1,1,0,0,0,0,0,1,"kuuk1238"
0,0,0,1,0,0,0,0,0,0,1,0,0,0,0,0,1,0,0,0,0,1,0,0,0,0,0,0,"kuvi1243"
0,0,0,1,0,0,0,0,0,0,1,0,0,1,0,0,1,1,0,0,1,1,0,0,0,0,0,1,"kwai1243"
0,1,0,0,0,0,0,0,0,1,0,0,0,0,0,0,0,0,0,0,1,0,0,0,0,0,1,0,"kwam1252"
0,0,0,1,0,0,0,0,0,0,1,0,0,0,0,0,1,0,0,0,0,1,0,0,0,0,0,0,"kwas1243"
0,1,0,0,0,0,0,0,0,1,0,0,0,0,0,0,0,0,0,0,1,0,0,0,0,0,1,0,"kwom1262"
0,1,0,0,1,0,1,0,1,0,0,0,0,0,0,1,0,1,0,0,0,0,0,1,0,0,1,0,"kyak1244"
0,1,0,1,0,1,0,0,1,0,1,0,1,0,1,0,1,0,0,1,0,1,0,1,0,0,1,0,"lahn1241"
1,0,0,1,1,0,0,0,0,1,1,0,0,1,0,0,1,1,0,0,1,1,1,0,0,0,0,1,"laiw1239"
0,0,0,0,0,0,0,0,0,0,0,0,0,0,0,0,1,0,0,0,0,0,0,0,0,0,0,0,"lako1247"
1,1,1,1,1,1,1,1,1,1,1,1,1,1,1,1,1,1,1,1,1,1,1,1,1,1,1,1,"lala1264"
1,0,0,1,1,0,0,0,0,1,1,0,0,1,0,0,1,1,0,0,1,1,1,0,0,0,0,1,"lalo1239"
0,1,0,0,1,0,1,0,0,0,0,0,0,0,0,1,0,1,0,0,1,0,0,0,0,0,1,0,"lamm1241"
0,1,0,0,1,0,1,0,0,1,0,0,0,0,0,1,0,1,0,0,1,0,0,0,0,0,1,0,"lamo1244"
1,0,0,1,1,0,0,0,0,1,1,0,0,1,0,0,1,1,0,0,1,1,1,0,0,0,0,1,"land1259"
0,1,1,0,0,0,0,0,0,0,0,0,0,1,0,0,0,0,0,0,0,0,1,1,1,1,1,1,"lard1243"
0,1,0,0,0,0,0,0,0,0,0,0,0,0,0,0,0,0,0,0,0,0,0,0,0,0,1,0,"lare1249"
0,0,0,1,0,0,0,0,0,0,1,0,0,0,0,0,1,0,0,0,0,1,0,0,0,0,0,0,"lati1261"
0,1,0,1,0,1,0,0,1,0,1,0,1,0,1,0,1,0,0,1,0,1,0,1,0,0,1,0,"lati1261a"
0,0,0,1,0,0,0,0,0,0,1,0,0,0,0,0,1,0,0,0,0,1,0,0,0,0,0,0,"latv1249"
0,1,0,0,1,0,1,0,0,1,0,0,0,0,0,1,0,1,0,0,1,0,0,0,0,0,1,0,"laua1243"
1,0,0,1,1,0,0,0,0,1,1,0,0,1,0,0,1,1,0,0,1,1,1,0,0,0,0,1,"lauj1238"
0,0,0,1,0,0,0,0,0,0,1,0,0,0,0,0,1,0,0,0,0,1,0,0,0,0,0,0,"laur1250"
0,0,0,0,1,0,0,0,0,1,0,0,0,0,0,0,0,1,0,0,1,0,0,0,0,0,0,0,"lauu1247"
0,1,0,1,0,1,0,0,1,0,1,0,1,0,1,0,1,0,0,1,0,1,0,1,0,0,1,0,"lele1267"
0,1,0,0,0,0,0,0,0,1,0,0,0,0,0,0,0,0,0,0,1,0,0,0,0,0,1,0,"lena1238"
0,1,0,0,0,0,0,0,0,1,0,0,0,0,0,0,0,0,0,0,1,0,0,0,0,0,1,0,"lete1241"
0,1,0,0,0,0,0,0,1,0,0,0,0,0,0,0,0,0,0,0,0,0,0,1,0,0,1,0,"lewo1242"
0,0,0,1,0,0,0,0,0,0,1,0,0,1,0,0,1,1,0,0,1,1,0,0,0,0,0,1,"limi1242"
0,0,0,1,0,0,0,0,0,0,1,0,0,0,0,0,1,0,0,0,0,1,0,0,0,0,0,0,"ling1263"
0,0,0,1,0,0,0,0,1,0,1,0,1,0,0,0,1,0,0,1,0,1,0,0,0,0,1,0,"ling1265"
0,1,0,1,0,1,0,0,1,0,1,0,1,0,1,0,1,0,0,1,0,1,0,1,0,0,1,0,"lipa1241"
0,0,0,1,0,0,0,0,0,0,1,0,0,0,0,0,1,0,0,0,0,1,0,0,0,0,0,0,"lisu1250a"
0,0,0,1,0,0,0,0,0,0,1,0,0,0,0,0,1,0,0,0,0,1,0,0,0,0,0,0,"lisu1250b"
0,0,0,1,0,0,0,0,0,0,1,0,0,0,0,0,1,0,0,0,0,1,0,0,0,0,0,0,"lisu1250c"
0,0,0,1,0,0,0,0,0,0,1,0,0,0,0,0,1,0,0,0,0,1,0,0,0,0,0,0,"lisu1250d"
0,1,0,1,0,1,0,0,1,0,1,0,1,0,1,0,1,0,0,1,0,1,0,1,0,0,1,0,"lith1251"
0,1,0,0,0,0,0,0,0,0,0,0,0,0,0,0,0,0,0,0,0,0,0,0,0,0,1,0,"litz1237"
0,1,0,0,0,0,0,0,0,1,0,0,0,0,0,0,0,0,0,0,1,0,0,0,0,0,1,0,"lolo1264"
0,1,0,0,1,0,1,0,1,1,0,1,0,0,0,1,0,1,1,0,1,0,0,1,0,0,1,0,"loni1238"
0,1,0,0,0,0,0,0,1,0,0,0,0,0,0,0,0,0,0,0,0,0,0,1,0,0,1,0,"lonw1238"
0,1,0,0,1,0,1,0,1,0,0,0,0,0,0,1,0,1,0,0,0,0,0,1,0,0,1,0,"loto1240"
0,0,0,1,0,0,0,0,1,0,1,0,1,0,0,0,1,0,0,1,0,1,0,0,0,0,1,0,"lozi1239"
1,0,0,1,1,0,0,0,0,1,1,0,0,1,0,0,1,1,0,0,1,1,1,0,0,0,0,1,"luba1249"
1,0,0,0,1,0,0,0,0,0,1,0,0,1,0,0,1,0,0,0,1,0,0,0,0,0,0,0,"luba1250"
0,1,0,0,0,0,0,0,1,1,0,1,0,0,0,0,0,0,1,0,1,0,0,1,0,0,1,0,"lubu1242"
0,0,0,1,0,0,0,0,0,0,1,0,0,0,0,0,1,0,0,0,0,1,0,0,0,0,0,0,"luis1253"
0,1,0,1,0,1,0,0,1,0,1,0,1,0,1,0,1,0,0,1,0,1,0,1,0,0,1,0,"luxe1241"
1,0,0,1,1,0,0,0,0,1,1,0,0,1,0,0,1,1,0,0,1,1,1,0,0,0,0,1,"maan1238"
0,1,0,0,0,1,0,0,0,0,0,0,0,0,0,0,1,0,0,1,0,1,0,0,0,0,1,0,"maba1278"
0,0,0,1,0,0,0,0,0,0,1,0,0,0,0,0,1,0,0,0,0,1,0,0,0,0,0,0,"mace1250"
0,1,0,0,1,0,1,0,1,1,0,1,0,0,0,1,0,1,1,0,1,0,0,1,0,0,1,0,"mada1284"
0,1,0,1,0,1,0,0,1,0,1,0,1,0,1,0,1,0,0,1,0,1,0,1,0,0,1,0,"maee1241"
0,1,0,0,0,0,0,0,1,0,1,0,1,0,0,0,0,0,0,1,0,1,0,1,0,0,1,0,"mafe1237"
0,1,0,0,0,0,0,0,1,0,0,0,0,0,0,0,0,0,0,0,0,0,0,1,0,0,1,0,"maga1262"
0,0,0,1,0,0,0,0,0,0,1,0,0,0,0,0,1,0,0,0,0,1,0,0,0,0,0,0,"maha1287"
0,1,0,0,1,0,1,0,1,1,0,1,0,0,0,1,0,1,1,0,1,0,0,1,0,0,1,0,"maib1239"
0,0,0,1,0,0,0,0,0,0,1,0,0,0,0,0,1,0,0,0,0,1,0,0,0,0,0,0,"mait1250"
1,0,0,1,1,0,0,0,0,1,1,0,0,1,0,0,1,1,0,0,1,1,1,0,0,0,0,1,"makl1246"
1,1,1,1,1,1,1,1,1,1,1,1,1,1,1,1,1,1,1,1,1,1,1,1,1,1,1,1,"mako1251"
0,0,0,1,0,0,0,0,0,0,1,0,0,0,0,0,1,0,0,0,0,1,0,0,0,0,0,0,"mala1464"
0,0,0,1,0,0,0,0,0,0,1,0,0,0,0,0,1,0,0,0,0,1,0,0,0,0,0,0,"mala1468"
0,1,0,1,0,1,0,0,1,0,1,0,1,0,1,0,1,0,0,1,0,1,0,1,0,0,1,0,"mala1479"
0,0,0,1,0,0,0,0,1,0,1,0,1,0,0,0,1,0,0,1,0,1,0,0,0,0,1,0,"mala1533"
0,0,0,1,0,0,0,0,0,0,1,0,0,1,0,0,1,1,0,0,1,1,0,0,0,0,0,1,"male1293"
0,0,0,1,0,0,0,0,0,0,1,0,0,0,0,0,1,0,0,0,0,1,0,0,0,0,0,0,"malg1242"
0,1,0,1,0,1,0,0,0,0,1,0,0,0,1,0,1,0,0,0,0,1,0,1,0,0,0,0,"mali1284"
0,1,0,0,0,0,0,0,1,1,0,1,0,0,0,0,0,0,1,0,1,0,0,1,0,0,1,0,"malo1243"
0,1,0,0,0,0,0,0,0,1,0,0,0,0,0,0,0,0,0,0,0,0,0,0,0,0,1,0,"malu1245"
0,0,0,0,1,0,0,0,0,1,0,0,0,1,0,0,1,1,0,0,1,1,0,0,0,0,0,1,"mana1295"
0,1,0,0,0,1,0,0,1,0,0,0,0,0,0,0,1,0,0,0,0,0,0,0,0,0,1,0,"mand1446"
0,1,0,0,0,0,0,0,0,1,0,0,0,0,0,0,0,0,0,0,1,0,0,0,0,0,1,0,"mang1401"
0,1,0,0,0,0,0,0,0,1,0,0,0,0,0,0,0,0,0,0,1,0,0,0,0,0,1,0,"mang1402"
0,1,0,0,0,0,0,0,1,0,1,0,1,0,0,0,0,0,0,1,0,1,0,0,0,0,1,0,"mang1405"
0,1,0,1,0,1,0,0,1,0,1,0,1,0,1,0,1,0,0,1,0,1,0,1,0,0,1,0,"mang1407"
0,1,0,0,0,0,0,0,0,1,0,0,0,0,0,0,0,0,0,0,1,0,0,0,0,0,1,0,"mang1408"
0,0,0,0,0,0,0,0,0,0,1,0,0,0,0,0,0,0,0,0,0,1,0,0,0,0,0,0,"mani1235"
0,0,0,1,0,0,0,0,0,0,1,0,0,0,0,0,1,0,0,0,0,1,0,0,0,0,0,0,"mans1258"
0,1,0,0,0,0,0,0,0,1,0,0,0,0,0,0,0,0,0,0,1,0,0,0,0,0,1,0,"maor1246"
1,0,0,1,1,0,0,0,0,1,1,0,0,1,0,0,1,1,0,0,1,1,1,0,0,0,0,1,"mara1404"
0,0,0,1,0,0,0,0,0,0,1,0,0,0,0,0,1,0,0,0,0,1,0,0,0,0,0,0,"marg1253"
0,1,0,0,1,0,1,0,1,1,0,1,0,0,0,1,0,1,1,0,1,0,0,1,0,0,1,0,"mari1426a"
0,1,0,0,1,0,1,0,1,1,0,1,0,0,0,1,0,1,1,0,1,0,0,1,0,0,1,0,"mari1426b"
0,1,0,0,1,0,1,0,1,1,0,1,0,0,0,1,0,1,1,0,1,0,0,1,0,0,1,0,"mari1426c"
0,1,0,0,1,0,1,0,1,1,0,1,0,0,0,1,0,1,1,0,1,0,0,1,0,0,1,0,"mari1426d"
0,1,0,0,1,0,1,0,1,1,0,1,0,0,0,1,0,1,1,0,1,0,0,1,0,0,1,0,"mari1426e"
0,1,0,0,1,0,1,0,1,1,0,1,0,0,0,1,0,1,1,0,1,0,0,1,0,0,1,0,"mari1426f"
0,1,0,0,1,0,1,0,1,1,0,1,0,0,0,1,0,1,1,0,1,0,0,1,0,0,1,0,"mari1426g"
0,1,0,0,1,0,1,0,1,1,0,1,0,0,0,1,0,1,1,0,1,0,0,1,0,0,1,0,"mari1426h"
0,1,0,0,1,0,1,0,1,1,0,1,0,0,0,1,0,1,1,0,1,0,0,1,0,0,1,0,"mari1426i"
0,1,0,0,0,0,0,0,0,1,0,0,0,0,0,0,0,0,0,0,1,0,0,0,0,0,1,0,"marq1246"
1,0,0,1,1,0,0,0,0,1,1,0,0,1,0,0,1,1,0,0,1,1,1,0,0,0,0,1,"mars1254"
0,0,0,1,0,0,0,0,0,0,1,0,0,1,0,0,1,1,0,0,1,1,0,0,0,0,0,1,"mart1256"
0,1,0,1,0,1,0,0,0,0,1,0,0,0,1,0,1,0,0,0,0,1,0,1,0,0,0,0,"marw1260"
0,0,0,0,1,0,0,0,0,0,0,0,0,0,0,0,0,1,0,0,0,0,0,0,0,0,0,0,"masa1299"
1,1,1,0,1,0,1,1,1,0,1,0,1,1,0,1,0,1,0,1,0,1,0,1,0,0,1,0,"mask1242"
0,1,0,0,1,0,1,0,0,1,0,0,0,0,0,1,0,1,0,0,1,0,0,0,0,0,1,0,"matu1261"
0,0,0,1,0,0,0,0,0,0,1,0,0,0,0,0,1,0,0,0,0,1,0,0,0,0,0,0,"mbal1257"
0,0,0,1,0,0,0,0,1,0,1,0,1,0,0,0,1,0,0,1,0,1,0,0,0,0,1,0,"mbla1238"
1,0,0,1,1,0,0,0,0,1,1,0,0,1,0,0,1,1,0,0,1,1,1,0,0,0,0,1,"meke1243"
1,0,0,1,1,0,0,0,0,1,1,0,0,1,0,0,1,1,0,0,1,1,1,0,0,0,0,1,"meko1237"
0,1,0,0,1,0,1,0,1,1,0,1,0,0,0,1,0,1,1,0,1,0,0,1,0,0,1,0,"mele1250"
0,0,0,1,0,0,0,0,0,0,1,0,0,1,0,0,1,1,0,0,1,1,0,0,0,0,0,1,"meno1252"
1,0,0,1,1,0,0,0,0,1,1,0,0,1,0,0,1,1,0,0,1,1,1,0,0,0,0,1,"menu1237"
0,1,0,0,1,0,1,0,1,1,0,1,0,0,0,1,0,1,1,0,1,0,0,1,0,0,1,0,"meri1244"
0,0,0,1,0,0,0,0,0,0,1,0,0,0,0,0,1,0,0,0,0,1,0,0,0,0,0,0,"meru1245"
0,1,0,1,0,1,0,0,1,0,1,0,1,0,1,0,1,0,0,1,0,1,0,1,0,0,1,0,"mesc1238"
0,0,0,1,0,0,0,0,0,0,1,0,0,1,0,0,1,1,0,0,1,1,0,0,0,0,0,1,"mesk1242"
0,0,0,0,1,0,0,0,0,1,0,0,0,0,0,0,0,1,0,0,1,0,0,0,0,0,0,0,"meya1236"
0,0,0,1,0,0,0,0,0,0,1,0,0,0,0,0,1,0,0,0,0,1,0,0,0,0,0,0,"miam1252"
0,1,0,1,0,1,0,0,1,0,1,0,1,0,1,0,1,0,0,1,0,1,0,1,0,0,1,0,"midd1317"
0,1,0,1,0,1,0,0,1,0,1,0,1,0,1,0,1,0,0,1,0,1,0,1,0,0,1,0,"midd1343"
1,0,0,1,1,0,0,0,0,1,1,0,0,1,0,0,1,1,0,0,1,1,1,0,0,0,0,1,"mido1240"
0,0,0,1,0,0,0,0,0,0,1,0,0,0,0,0,1,0,0,0,0,0,0,0,0,0,0,0,"mikm1235"
0,1,0,0,1,0,1,0,1,0,0,0,0,0,0,1,0,1,0,0,0,0,0,1,0,0,1,0,"mini1251"
1,0,0,1,1,0,0,0,0,1,1,0,0,0,0,0,1,0,0,0,0,1,1,0,0,0,0,0,"moco1246"
0,1,0,1,0,1,0,0,1,0,1,0,1,0,1,0,1,0,0,1,0,1,0,1,0,0,1,0,"mode1248"
0,0,0,0,0,0,0,0,0,0,1,0,0,0,0,0,1,0,0,0,0,1,0,0,0,0,0,0,"moha1258"
0,0,0,0,0,0,0,0,0,0,1,0,0,1,0,0,1,1,0,0,1,1,0,0,0,0,0,1,"mohe1244"
1,0,0,1,1,0,0,0,0,1,1,0,0,1,0,0,1,1,0,0,1,1,1,0,0,0,0,1,"mokp1239"
0,0,0,1,0,0,0,0,0,0,1,0,0,1,0,0,1,1,0,0,1,1,0,0,0,0,0,1,"mong1331"
0,0,0,1,0,0,0,0,0,0,1,0,0,0,0,0,1,0,0,0,0,1,0,0,0,0,0,0,"mong1338"
1,0,0,1,1,0,0,0,0,1,1,0,0,1,0,0,1,1,0,0,1,1,1,0,0,0,0,1,"mori1268"
1,0,0,1,1,0,0,0,0,1,1,0,0,1,0,0,1,1,0,0,1,1,1,0,0,0,0,1,"mori1269"
1,0,0,1,1,0,0,0,0,1,1,0,0,1,0,0,1,1,0,0,1,1,1,0,0,0,0,1,"moro1287"
0,1,0,0,1,0,1,0,1,1,0,1,0,0,0,1,0,1,1,0,1,0,0,1,0,0,1,0,"mort1237"
0,0,0,1,0,0,0,0,0,0,1,0,0,0,0,0,1,0,0,0,0,1,0,0,0,0,0,0,"mose1249"
0,1,0,0,1,0,1,0,0,1,0,0,0,0,0,1,0,1,0,0,1,0,0,0,0,0,1,0,"mota1237"
0,1,0,0,1,0,1,0,1,1,0,1,0,0,0,1,0,1,1,0,1,0,0,1,0,0,1,0,"motl1237"
0,1,0,0,1,0,1,0,0,1,0,0,0,0,0,1,0,1,0,0,1,0,0,0,0,0,1,0,"motu1246"
0,1,0,0,1,0,1,0,0,1,0,0,0,0,0,1,0,1,0,0,1,0,0,0,0,0,1,0,"mouk1240"
0,1,0,0,1,0,1,0,0,1,0,0,0,0,0,1,0,1,0,0,1,0,0,0,0,0,1,0,"mouk1240a"
0,0,0,1,0,0,0,0,0,0,1,0,0,1,0,0,1,1,0,0,1,1,0,0,0,0,0,1,"movi1243"
1,0,0,1,1,0,0,0,0,1,1,0,0,1,0,0,1,1,0,0,1,1,1,0,0,0,0,1,"mpuo1241"
0,0,0,1,0,0,0,0,0,0,1,0,0,1,0,0,1,1,0,0,1,1,0,0,0,0,0,1,"mudb1240"
0,1,0,0,1,0,1,0,1,1,0,1,0,0,0,1,0,1,1,0,1,0,0,1,0,0,1,0,"mudu1242"
1,0,0,1,1,0,0,0,0,1,1,0,0,1,0,0,1,1,0,0,1,1,1,0,0,0,0,1,"muna1247"
0,0,0,1,0,0,0,0,0,0,1,0,0,0,0,0,1,0,0,0,0,1,0,0,0,0,0,0,"mung1266"
0,1,0,0,0,0,0,0,0,1,0,0,0,0,0,0,0,0,0,0,1,0,0,0,0,0,1,0,"mung1271"
0,0,0,1,0,0,0,0,0,0,0,0,0,0,0,0,0,0,0,0,0,1,0,0,0,0,0,0,"muns1251"
0,1,0,1,0,1,0,0,1,0,1,0,1,0,1,0,1,0,0,1,0,1,0,1,0,0,1,0,"murr1258"
0,0,0,1,0,0,0,0,0,0,1,0,0,0,0,0,1,0,0,0,0,1,0,0,0,0,0,0,"muru1266"
1,0,0,1,1,0,0,0,0,1,1,0,0,1,0,0,1,1,0,0,1,1,1,0,0,0,0,1,"muss1246"
0,1,0,0,0,0,0,0,0,1,0,0,0,0,0,0,0,0,0,0,1,0,0,0,0,0,1,0,"nage1237"
0,1,0,1,0,1,0,0,1,0,1,0,1,0,1,0,1,0,0,1,0,1,0,1,0,0,1,0,"naka1262"
1,1,1,1,0,1,0,1,1,1,0,1,0,1,1,0,1,0,1,0,1,0,0,1,0,0,1,0,"nali1244"
0,1,0,0,1,0,1,0,1,0,0,0,0,0,0,1,0,1,0,0,0,0,0,1,0,0,1,0,"nali1244b"
1,0,0,1,1,0,0,0,0,1,1,0,0,1,0,0,1,1,0,0,1,1,1,0,0,0,0,1,"nama1266"
0,1,0,1,0,1,0,0,1,0,1,0,1,0,1,0,1,0,0,1,0,1,0,1,0,0,1,0,"nama1268"
0,1,0,0,0,0,0,0,1,0,0,0,0,0,0,0,0,0,0,0,0,0,0,1,0,0,1,0,"nama1268b"
1,0,0,1,1,0,0,0,0,1,1,0,0,1,0,0,1,1,0,0,1,1,1,0,0,0,0,1,"namb1293"
0,1,0,0,0,0,0,0,1,0,0,0,0,0,0,0,0,0,0,0,0,0,0,1,0,0,1,0,"nang1262"
0,1,0,1,0,1,0,0,1,0,1,0,1,0,1,0,1,0,0,1,0,1,0,1,0,0,1,0,"nege1244"
0,1,0,0,1,0,1,0,1,0,0,0,0,0,0,1,0,1,0,0,0,0,0,1,0,0,1,0,"neha1247"
0,0,0,1,0,0,0,0,0,0,1,0,0,0,0,0,1,0,0,0,0,1,0,0,0,0,0,0,"nene1249"
1,0,0,1,1,0,0,0,0,1,1,0,0,1,0,0,1,1,0,0,1,1,1,0,0,0,0,1,"nenn1238"
1,0,0,1,1,0,0,0,0,1,1,0,0,1,0,0,1,1,0,0,1,1,1,0,0,0,0,1,"nenn1238a"
0,0,0,1,0,0,0,0,0,0,1,0,0,0,0,0,1,0,0,0,0,1,0,0,0,0,0,0,"nepa1254"
1,1,0,1,0,0,0,1,0,1,0,0,0,0,1,0,0,0,0,0,1,0,0,0,0,0,1,0,"nese1235"
0,0,0,1,0,0,0,0,0,0,1,0,0,1,0,0,1,1,0,0,1,1,0,0,0,0,0,1,"ngaa1240"
0,1,0,1,0,1,0,0,0,0,1,0,0,0,1,0,1,0,0,0,0,1,0,1,0,0,0,0,"ngad1258"
0,1,0,0,0,1,0,0,0,0,1,0,1,0,0,0,1,0,0,0,0,0,0,0,0,0,1,0,"ngal1292"
0,0,0,1,0,0,0,0,0,0,1,0,0,1,0,0,1,1,0,0,1,1,0,0,0,0,0,1,"ngam1265"
0,0,0,1,0,0,0,0,0,0,1,0,0,1,0,0,1,1,0,0,1,1,0,0,0,0,0,1,"ngar1235"
0,0,0,1,0,0,0,0,0,0,1,0,0,0,0,0,1,0,0,0,0,1,0,0,0,0,0,0,"ngar1286"
0,0,0,1,0,0,0,0,0,0,1,0,0,0,0,0,1,0,0,0,0,1,0,0,0,0,0,0,"ngar1287"
0,1,0,1,0,1,0,0,1,0,1,0,1,0,1,0,1,0,0,1,0,1,0,1,0,0,1,0,"ngun1274"
0,1,0,1,0,1,0,0,0,0,1,0,0,0,1,0,1,0,0,0,0,1,0,1,0,0,0,0,"nhan1238"
0,1,0,0,0,0,0,0,1,1,0,1,0,0,0,0,0,0,1,0,1,0,0,1,0,0,1,0,"niua1240"
0,1,0,0,0,0,0,0,1,0,0,1,0,0,0,0,0,0,0,0,1,0,0,0,0,0,1,0,"niue1239"
0,1,0,0,0,0,0,0,0,1,0,0,0,0,0,0,0,0,0,0,1,0,0,0,0,0,1,0,"njeb1242"
0,0,0,1,0,0,0,0,0,0,1,0,0,0,0,0,1,0,0,0,0,1,0,0,0,0,0,0,"noga1249"
0,0,0,1,0,0,0,0,0,0,1,0,0,0,0,0,1,0,0,0,0,1,0,0,0,0,0,0,"nort1551"
0,1,0,1,0,1,0,0,1,0,1,0,1,0,1,0,1,0,0,1,0,1,0,1,0,0,1,0,"nort2641"
0,0,0,1,0,0,0,0,1,0,1,0,1,0,0,0,1,0,0,1,0,1,0,0,0,0,1,0,"nort2702"
0,1,0,1,0,1,0,0,1,0,1,0,1,0,1,0,1,0,0,1,0,1,0,1,0,0,1,0,"nort2836"
1,1,1,0,1,0,1,1,1,0,1,0,1,1,0,1,0,1,0,1,0,1,0,1,0,0,1,0,"nort2839"
0,1,0,0,0,0,0,0,0,1,0,0,0,0,0,0,0,0,0,0,1,0,0,0,0,0,1,0,"nort2845"
0,1,0,0,1,0,1,0,0,1,0,0,0,0,0,1,0,1,0,0,1,0,0,0,0,0,1,0,"nort2847"
0,0,0,1,0,0,0,0,0,0,1,0,0,0,0,0,1,0,0,0,0,1,0,0,0,0,0,0,"nort2877"
0,0,0,1,0,0,0,0,0,0,1,0,0,1,0,0,1,1,0,0,1,1,0,0,0,0,0,1,"nort2938"
0,0,0,1,0,0,0,0,0,0,1,0,0,1,0,0,1,1,0,0,1,1,0,0,0,0,0,1,"nort2944"
0,0,0,1,0,0,0,0,0,0,1,0,0,0,0,0,1,0,0,0,0,1,0,0,0,0,0,0,"nort2952"
0,0,0,0,0,0,0,0,1,0,0,0,0,0,0,0,1,1,0,0,0,0,0,0,0,0,0,1,"nort2961"
0,0,0,1,0,0,0,0,0,0,1,0,0,0,0,0,1,0,0,0,0,1,0,0,0,0,0,0,"nort2972"
0,1,0,1,0,1,0,0,1,0,1,0,1,0,1,0,1,0,0,1,0,1,0,1,0,0,1,0,"norw1259"
0,1,0,1,0,1,0,0,1,0,1,0,1,0,1,0,1,0,0,1,0,1,0,1,0,0,1,0,"nucl1235"
0,0,0,1,0,0,0,0,0,0,1,0,0,1,0,0,1,1,0,0,1,1,0,0,0,0,0,1,"nucl1301"
0,0,0,1,0,0,0,0,0,0,1,0,0,0,0,0,1,0,0,0,0,0,0,0,0,0,0,0,"nucl1305"
0,0,0,1,0,0,0,0,0,0,1,0,0,0,0,0,0,0,0,0,0,0,0,0,0,0,0,0,"nucl1310"
0,1,0,1,0,1,0,0,1,0,1,0,1,0,1,0,1,0,0,1,0,1,0,1,0,0,1,0,"nucl1417"
0,0,0,1,0,0,0,0,0,0,1,0,0,1,0,0,1,1,0,0,1,1,0,0,0,0,0,1,"nucl1460"
0,1,0,0,1,0,1,0,1,1,0,1,0,0,0,1,0,1,1,0,1,0,0,1,0,0,1,0,"nucl1479"
0,0,0,1,0,0,0,0,0,0,1,0,0,0,0,0,1,0,0,0,0,1,0,0,0,0,0,0,"nucl1622"
0,0,0,1,0,0,0,0,0,0,1,0,0,0,0,0,1,0,0,0,0,1,0,0,0,0,0,0,"nucl1643"
0,1,0,1,0,1,0,0,1,0,1,0,1,0,1,0,1,0,0,1,0,1,0,1,0,0,1,0,"nucl1649"
0,0,0,1,0,0,0,0,0,0,1,0,0,1,0,0,1,1,0,0,1,1,0,0,0,0,0,1,"nucl1653"
0,1,0,0,0,0,0,0,0,0,0,0,0,0,0,0,0,0,0,0,0,0,0,0,0,0,1,0,"numb1247"
0,0,0,1,0,0,0,0,0,0,1,0,0,1,0,0,1,1,0,0,1,1,0,0,0,0,0,1,"nyam1271"
0,0,0,1,0,0,0,0,0,0,1,0,0,1,0,0,1,1,0,0,1,1,0,0,0,0,0,1,"nyan1301"
0,0,0,1,0,0,0,0,0,0,1,0,0,0,0,0,1,0,0,0,0,1,0,0,0,0,0,0,"nyaw1247"
1,0,0,1,1,0,0,0,0,1,1,0,0,1,0,0,1,1,0,0,1,1,1,0,0,0,0,1,"nyor1246"
0,1,0,0,0,0,0,0,0,1,0,0,0,0,0,0,0,0,0,0,1,0,0,0,0,0,1,0,"ocea1241"
0,0,0,1,0,0,0,0,0,0,1,0,0,0,0,0,1,0,0,0,0,1,0,0,0,0,0,0,"oduu1239"
0,0,0,1,0,0,0,0,0,0,1,0,0,1,0,0,1,1,0,0,1,1,0,0,0,0,0,1,"ojib1241"
0,0,0,0,0,0,0,0,0,0,1,0,0,0,0,0,0,0,0,0,0,1,0,0,0,0,0,0,"okan1243"
0,1,0,0,0,0,0,0,1,1,1,1,1,0,0,0,0,0,1,1,1,1,1,1,1,1,1,1,"olal1237"
0,0,0,1,0,0,0,0,0,0,1,0,0,0,0,0,1,0,0,0,0,1,0,0,0,0,0,0,"olda1245"
0,1,0,1,0,1,0,0,1,0,1,0,1,0,1,0,1,0,0,1,0,1,0,1,0,0,1,0,"olde1238"
0,1,0,1,0,1,0,0,1,0,1,0,1,0,1,0,1,0,0,1,0,1,0,1,0,0,1,0,"oldi1245"
0,1,0,1,0,1,0,0,1,0,1,0,1,0,1,0,1,0,0,1,0,1,0,1,0,0,1,0,"oldn1244"
0,1,0,1,0,1,0,0,1,0,1,0,1,0,1,0,1,0,0,1,0,1,0,1,0,0,1,0,"oldw1239"
0,0,0,0,0,0,0,0,0,0,0,0,0,0,0,0,1,0,0,0,0,1,0,0,0,0,0,0,"omah1247"
0,0,0,1,0,0,0,0,0,0,1,0,0,0,0,0,1,0,0,0,0,1,0,0,0,0,0,0,"onaa1245"
0,0,0,1,0,0,0,0,0,0,1,0,0,0,0,0,0,0,0,0,0,1,0,0,0,0,0,0,"onei1249"
0,0,0,1,0,0,0,0,0,0,1,0,0,0,0,0,1,0,0,0,0,1,0,0,0,0,0,0,"onon1246"
0,1,0,0,1,0,1,0,1,1,0,1,0,0,0,1,0,1,1,0,1,0,0,1,0,0,1,0,"onto1237"
0,0,0,1,0,0,0,0,0,0,1,0,0,0,0,0,1,0,0,0,0,1,0,0,0,0,0,0,"opat1246"
0,0,0,1,0,0,0,0,0,0,1,0,0,0,0,0,1,0,0,0,0,1,0,0,0,0,0,0,"oriy1255"
0,0,0,0,0,0,0,0,0,0,0,0,0,0,0,0,1,0,0,1,0,1,0,0,0,0,1,0,"osag1243"
0,1,0,1,0,1,0,0,1,0,1,0,1,0,1,0,1,0,0,1,0,1,0,1,0,0,1,0,"osse1243"
0,1,0,1,0,1,0,0,1,0,1,0,1,0,1,0,1,0,0,1,0,1,0,1,0,0,1,0,"osse1245"
0,0,0,1,0,0,0,0,0,0,0,0,0,0,0,0,0,0,0,0,0,0,0,0,0,0,0,0,"otoo1241"
0,0,0,1,0,0,0,0,0,0,1,0,0,1,0,0,1,1,0,0,1,1,0,0,0,0,0,1,"otta1242"
0,1,0,1,0,1,0,0,1,0,1,0,1,0,1,0,1,0,0,1,0,1,0,1,0,0,1,0,"owaa1237"
1,1,1,0,1,0,1,1,1,0,1,0,1,1,0,1,0,1,0,1,0,1,0,1,0,0,1,0,"paam1238"
0,0,0,1,0,0,0,0,0,0,1,0,0,1,0,0,1,1,0,0,1,1,0,0,0,0,0,1,"paco1243"
1,0,0,1,1,0,0,0,0,1,1,0,0,1,0,0,1,1,0,0,1,1,1,0,0,0,0,1,"pado1242"
1,1,1,1,1,1,1,1,1,1,1,1,1,1,1,1,1,1,1,1,1,1,1,1,1,1,1,1,"paez1247"
0,1,0,1,0,1,0,0,1,0,1,0,1,0,1,0,1,0,0,1,0,1,0,1,0,0,1,0,"pagu1249"
1,0,0,1,1,0,0,0,0,1,1,0,0,1,0,0,1,1,0,0,1,1,1,0,0,0,0,1,"paic1239"
1,1,1,1,1,1,1,1,1,1,1,1,1,1,1,1,1,1,1,1,1,1,1,1,1,1,1,1,"paiw1248"
0,1,0,0,1,0,1,0,0,1,0,0,0,0,0,1,0,1,0,0,1,0,0,0,0,0,1,0,"pala1344"
0,0,0,1,0,0,0,0,0,0,1,0,0,0,0,0,1,0,0,0,0,1,0,0,0,0,0,0,"pali1274"
0,1,0,1,0,1,0,0,1,0,1,0,1,0,1,0,1,0,0,1,0,1,0,1,0,0,1,0,"pamp1243"
0,0,0,1,0,0,0,0,0,0,1,0,0,0,0,0,1,0,0,0,0,1,0,0,0,0,0,0,"pana1305"
0,0,0,1,0,0,0,0,0,0,1,0,0,0,0,0,1,0,0,0,0,1,0,0,0,0,0,0,"panj1256"
0,0,0,1,0,0,0,0,0,0,1,0,0,0,0,0,1,0,0,0,0,1,0,0,0,0,0,0,"pash1269"
0,0,0,1,0,0,0,0,0,0,1,0,0,0,0,0,1,0,0,0,0,1,0,0,0,0,0,0,"pata1260"
0,0,0,0,0,0,0,0,1,0,1,0,0,0,0,0,0,0,0,1,0,0,0,1,0,0,0,0,"pawn1254"
1,0,0,1,1,0,0,0,0,1,1,0,0,1,0,0,1,1,0,0,1,1,1,0,0,0,0,1,"pend1242"
0,1,0,0,0,0,0,0,0,1,0,0,0,0,0,0,0,0,0,0,1,0,0,0,0,0,1,0,"penr1237"
0,0,0,1,0,0,0,0,0,0,0,0,0,1,0,0,1,1,0,0,1,1,0,0,0,0,0,1,"peor1238"
1,0,0,1,1,0,0,0,0,1,1,0,0,1,0,0,1,1,0,0,1,1,1,0,0,0,0,1,"phen1239"
0,0,0,1,0,0,0,0,0,0,1,0,0,0,0,0,1,0,0,0,0,1,0,0,0,0,0,0,"pieg1239"
1,0,0,1,1,0,0,0,0,1,1,0,0,0,0,0,1,0,0,0,0,1,1,0,0,0,0,0,"pila1245"
0,1,0,0,0,0,0,0,0,1,0,0,0,0,0,0,0,0,0,0,1,0,0,0,0,0,1,0,"pile1238"
0,0,0,1,0,0,0,0,0,0,1,0,0,1,0,0,1,1,0,0,1,1,0,0,0,0,0,1,"pint1250"
0,0,0,1,0,0,0,0,0,0,1,0,0,0,0,0,1,0,0,0,0,1,0,0,0,0,0,0,"pirr1240"
0,0,0,1,0,0,0,0,0,0,1,0,0,1,0,0,1,1,0,0,1,1,0,0,0,0,0,1,"pitj1243"
0,0,0,1,0,0,0,0,0,0,1,0,0,1,0,0,1,1,0,0,1,1,0,0,0,0,0,1,"pitt1247"
0,0,0,1,0,0,0,0,0,0,1,0,0,0,0,0,1,0,0,0,0,1,0,0,0,0,0,0,"plai1258"
0,1,0,0,1,0,1,0,1,1,0,1,0,0,0,1,0,1,1,0,1,0,0,1,0,0,1,0,"pohn1238"
0,1,0,1,0,1,0,0,1,0,1,0,1,0,1,0,1,0,0,1,0,1,0,1,0,0,1,0,"pohn1238a"
0,1,0,1,0,1,0,0,1,0,1,0,1,0,1,0,1,0,0,1,0,1,0,1,0,0,1,0,"poli1260"
0,0,0,0,0,0,0,0,0,0,0,0,0,0,0,0,1,0,0,0,0,0,0,0,0,0,0,0,"ponc1241"
0,0,0,1,0,0,0,0,1,0,1,0,1,0,0,0,1,0,0,1,0,1,0,0,0,0,1,0,"port1285"
0,1,0,0,0,0,0,0,1,0,1,0,1,0,0,0,0,0,0,1,0,1,0,1,0,0,1,0,"port1286"
0,0,0,0,0,0,0,0,0,0,1,0,0,1,0,0,1,1,0,0,1,1,0,0,0,0,0,1,"pota1247"
0,1,0,1,0,1,0,0,1,0,1,0,1,0,1,0,1,0,0,1,0,1,0,1,0,0,1,0,"prus1238"
0,0,0,1,0,0,0,0,0,0,1,0,0,0,0,0,1,0,0,0,0,1,0,0,0,0,0,0,"puin1248"
0,1,0,0,1,0,1,0,1,1,0,1,0,0,0,1,0,1,1,0,1,0,0,1,0,0,1,0,"puka1242"
0,1,0,0,1,0,1,0,1,1,0,1,0,0,0,1,0,1,1,0,1,0,0,1,0,0,1,0,"pulu1242"
0,0,0,1,0,0,0,0,0,0,1,0,0,0,0,0,1,0,0,0,0,1,0,0,0,0,0,0,"pume1238"
1,0,0,1,1,0,0,0,0,1,1,0,0,1,0,0,1,1,0,0,1,1,1,0,0,0,0,1,"puyu1239"
0,0,0,1,0,0,0,0,0,0,1,0,0,0,0,0,0,0,0,0,0,1,0,0,0,0,0,0,"pwoo1239"
0,0,0,1,0,0,0,0,0,0,1,0,0,0,0,0,1,0,0,0,0,1,0,0,0,0,0,0,"qawa1238"
1,0,0,0,0,0,0,0,0,0,0,0,0,1,0,0,0,0,0,0,0,0,1,1,1,1,1,1,"rade1240"
1,0,0,1,1,0,0,0,0,1,1,0,0,1,0,0,1,1,0,0,1,1,1,0,0,0,0,1,"raha1237"
0,1,0,0,0,0,0,0,0,1,0,0,0,0,0,0,0,0,0,0,1,0,0,0,0,0,1,0,"raka1237"
0,0,0,1,0,0,0,0,0,0,0,0,0,1,0,0,1,1,0,0,1,1,0,0,0,0,0,1,"rapa1244"
0,1,0,0,0,0,0,0,0,1,0,0,0,0,0,0,0,0,0,0,1,0,0,0,0,0,1,0,"rapa1245"
0,1,0,0,0,0,0,0,0,1,0,0,0,0,0,0,0,0,0,0,1,0,0,0,0,0,1,0,"raro1241"
1,1,1,1,1,1,1,1,1,1,1,1,1,1,1,1,1,1,1,1,1,1,1,1,1,1,1,1,"rata1245"
1,0,0,1,1,0,0,0,0,1,1,0,0,1,0,0,1,1,0,0,1,1,1,0,0,0,0,1,"reja1240"
0,0,0,1,0,0,0,0,0,0,1,0,0,1,0,0,1,1,0,0,1,1,0,0,0,0,0,1,"rita1239"
0,0,0,1,0,0,0,0,0,0,1,0,0,0,0,0,1,0,0,0,0,1,0,0,0,0,0,0,"roma1327"
0,1,0,0,0,0,0,0,1,0,0,0,0,0,0,0,0,0,0,0,0,0,0,1,0,0,1,0,"roto1249"
0,1,0,0,0,0,0,0,0,1,0,0,0,0,0,0,0,0,0,0,1,0,0,0,0,0,1,0,"rotu1241"
1,0,0,1,1,0,0,0,0,1,1,0,0,1,0,0,1,1,0,0,1,1,1,0,0,0,0,1,"rout1237"
1,1,1,1,0,1,0,1,1,1,0,1,0,1,1,0,1,0,1,0,1,0,0,1,0,0,1,0,"rovi1238"
0,1,0,1,0,1,0,0,1,0,1,0,1,0,1,0,1,0,0,1,0,1,0,1,0,0,1,0,"russ1263"
0,1,0,1,0,1,0,0,1,0,1,0,1,0,1,0,1,0,0,1,0,1,0,1,0,0,1,0,"russ1263a"
1,1,1,1,1,1,1,1,1,1,1,1,1,1,1,1,1,1,1,1,1,1,1,1,1,1,1,1,"saaa1240"
0,1,0,0,0,0,0,0,1,1,0,1,0,0,0,0,0,0,1,0,1,0,0,1,0,0,1,0,"saaa1241"
0,0,0,1,0,0,0,0,0,0,1,0,0,0,0,0,1,0,0,0,0,1,0,0,0,0,0,0,"saar1237"
1,1,1,1,1,1,1,1,1,1,1,1,1,1,1,1,1,1,1,1,1,1,1,1,1,1,1,1,"saba1263"
1,0,0,1,1,0,0,0,0,1,1,0,0,1,0,0,1,1,0,0,1,1,1,0,0,0,0,1,"saka1287"
0,1,0,0,0,0,0,0,0,1,0,0,0,0,0,0,0,0,0,0,1,0,0,0,0,0,1,0,"sake1247"
0,0,0,0,0,0,0,0,1,1,0,0,0,0,0,0,1,0,1,0,0,0,0,0,0,0,1,0,"samo1305"
0,1,0,0,0,0,0,0,1,1,0,1,0,0,0,0,0,0,1,0,1,0,0,1,0,0,1,0,"samo1305a"
0,0,0,1,0,0,0,0,0,0,1,0,0,1,0,0,1,1,0,0,1,1,0,0,0,0,0,1,"sang1321"
0,0,0,1,0,0,0,0,0,0,1,0,0,0,0,0,1,0,0,0,0,1,0,0,0,0,0,0,"sans1269"
1,0,0,1,1,0,0,0,0,1,1,0,0,1,0,0,1,1,0,0,1,1,1,0,0,0,0,1,"sans1272"
1,1,1,1,1,1,1,1,1,1,1,1,1,1,1,1,1,1,1,1,1,1,1,1,1,1,1,1,"sara1326"
0,1,0,1,0,1,0,0,1,0,1,0,1,0,1,0,1,0,0,1,0,1,0,1,0,0,1,0,"sard1257"
0,1,0,0,1,0,1,0,1,1,0,1,0,0,0,1,0,1,1,0,1,0,0,1,0,0,1,0,"sata1237"
0,1,0,1,0,1,0,0,1,0,1,0,1,0,1,0,1,0,0,1,0,1,0,1,0,0,1,0,"sate1242"
0,1,0,0,0,0,0,0,0,0,0,0,0,0,0,0,0,0,0,0,0,0,0,0,0,0,1,0,"sawa1247"
0,1,0,0,1,0,1,0,1,1,0,1,0,0,0,1,0,1,1,0,1,0,0,1,0,0,1,0,"seke1241"
0,1,0,0,0,0,0,0,0,0,0,0,0,0,0,0,0,0,0,0,1,0,0,0,0,0,1,0,"seki1238"
0,0,0,1,0,0,0,0,0,0,1,0,0,0,0,0,1,0,0,0,0,1,0,0,0,0,0,0,"selk1253"
0,0,0,1,0,0,0,0,0,0,1,0,0,0,0,0,1,0,0,0,0,1,0,0,0,0,0,0,"sene1264"
0,1,0,1,0,1,0,0,1,0,1,0,1,0,1,0,1,0,0,1,0,1,0,1,0,0,1,0,"serb1264"
0,0,0,1,0,0,0,0,0,0,1,0,0,0,0,0,1,0,0,0,0,1,0,0,0,0,0,0,"serr1255"
0,0,0,1,0,0,0,0,0,0,1,0,0,0,0,0,1,0,0,0,0,1,0,0,0,0,0,0,"sgaw1245"
0,1,0,1,0,1,0,0,0,0,1,0,0,0,1,0,1,0,0,0,0,1,0,1,0,0,0,0,"shas1239"
0,0,0,1,0,0,0,0,0,0,1,0,0,1,0,0,1,1,0,0,1,1,0,0,0,0,0,1,"shaw1249"
0,0,0,1,0,0,0,0,0,0,1,0,0,1,0,0,1,1,0,0,1,1,0,0,0,0,0,1,"sher1255"
0,0,0,1,0,0,0,0,0,0,1,0,0,0,0,0,1,0,0,0,0,1,0,0,0,0,0,0,"shin1265"
0,0,0,1,0,0,0,0,0,0,1,0,0,1,0,0,1,1,0,0,1,1,0,0,0,0,0,1,"ship1254"
0,0,0,1,0,0,0,0,0,0,1,0,0,0,0,0,1,0,0,0,0,1,0,0,0,0,0,0,"shos1248"
0,1,0,0,0,0,0,0,1,1,0,1,0,0,0,0,0,0,1,0,1,0,0,1,0,0,1,0,"siee1239"
0,1,0,0,1,0,1,0,1,1,0,1,0,0,0,1,0,1,1,0,1,0,0,1,0,0,1,0,"sika1261"
1,0,0,1,1,0,0,0,0,1,1,0,0,1,0,0,1,1,0,0,1,1,1,0,0,0,0,1,"sika1262"
0,0,0,1,0,0,0,0,0,0,1,0,0,0,0,0,1,0,0,0,0,1,0,0,0,0,0,0,"sind1272"
0,0,0,1,0,0,0,0,0,0,1,0,0,0,0,0,1,0,0,0,0,1,0,0,0,0,0,0,"sinh1246"
0,0,0,1,0,0,0,0,0,0,1,0,0,0,0,0,1,0,0,0,0,1,0,0,0,0,0,0,"sini1245"
0,0,0,1,0,0,0,0,1,0,1,0,1,0,0,0,1,0,0,1,0,1,0,0,0,0,1,0,"siri1273"
0,0,0,1,0,0,0,0,0,0,1,0,0,0,0,0,1,0,0,0,0,1,0,0,0,0,0,0,"slav1253"
0,1,0,1,0,1,0,0,1,0,1,0,1,0,1,0,1,0,0,1,0,1,0,1,0,0,1,0,"slov1268"
0,1,0,1,0,1,0,0,1,0,1,0,1,0,1,0,1,0,0,1,0,1,0,1,0,0,1,0,"slov1269"
0,0,0,0,1,0,0,0,0,1,0,0,0,0,0,0,0,1,0,0,1,0,0,0,0,0,0,0,"soga1242"
0,1,0,0,0,0,0,0,0,1,0,0,0,0,0,0,0,0,0,0,1,0,0,0,0,0,1,0,"soge1235"
1,0,0,1,1,0,0,0,0,1,1,0,0,1,0,0,1,1,0,0,1,1,1,0,0,0,0,1,"song1299"
1,1,1,0,1,0,1,1,1,0,1,0,1,1,0,1,0,1,0,1,0,1,0,0,0,0,1,0,"sons1242"
0,1,0,1,0,1,0,0,1,0,1,0,1,0,1,0,1,0,0,1,0,1,0,1,0,0,1,0,"sout1528"
0,0,0,0,0,0,0,0,0,0,0,0,0,0,0,0,0,0,0,0,0,1,0,0,0,0,0,0,"sout2856"
0,1,0,0,0,0,0,0,1,1,0,1,0,0,0,0,0,0,1,0,1,0,0,1,0,0,1,0,"sout2857"
0,1,0,0,1,0,1,0,1,1,0,1,0,0,0,1,0,1,1,0,1,0,0,1,0,0,1,0,"sout2859"
0,1,0,0,1,0,1,0,1,1,0,1,0,0,0,1,0,1,1,0,1,0,0,1,0,0,1,0,"sout2865"
0,0,0,1,0,0,0,0,1,0,1,0,1,0,0,0,1,0,0,1,0,1,0,0,0,0,1,0,"sout2866"
0,1,0,0,1,0,1,0,1,1,0,1,0,0,0,1,0,1,1,0,1,0,0,1,0,0,1,0,"sout2869"
1,0,0,1,1,0,0,0,0,1,1,0,0,1,0,0,1,1,0,0,1,1,1,0,0,0,0,1,"sout2883"
0,0,0,1,0,0,0,0,0,0,1,0,0,0,0,0,1,0,0,0,0,1,0,0,0,0,0,0,"sout2959"
0,0,0,1,0,0,0,0,0,0,1,0,0,0,0,0,1,0,0,0,0,1,0,0,0,0,0,0,"sout2969"
1,0,0,1,1,0,0,0,0,1,1,0,0,1,0,0,1,1,0,0,1,1,1,0,0,0,0,1,"sout2975"
1,0,0,1,1,0,0,0,0,1,1,0,0,0,0,0,1,0,0,0,0,1,1,0,0,0,0,0,"sout2976"
0,0,0,0,0,0,0,0,0,0,1,0,0,0,0,0,0,0,0,0,0,1,0,0,0,0,0,0,"spok1245"
0,0,0,1,0,0,0,0,0,0,1,0,0,0,0,0,1,0,0,0,0,1,0,0,0,0,0,0,"stan1288"
0,1,0,1,0,1,0,0,1,0,1,0,1,0,1,0,1,0,0,1,0,1,0,1,0,0,1,0,"stan1289"
0,0,0,1,0,0,0,0,0,0,1,0,0,0,0,0,1,0,0,0,0,1,0,0,0,0,0,0,"stan1290"
0,1,0,1,0,1,0,0,1,0,1,0,1,0,1,0,1,0,0,1,0,1,0,1,0,0,1,0,"stan1293"
0,1,0,1,0,1,0,0,1,0,1,0,1,0,1,0,1,0,0,1,0,1,0,1,0,0,1,0,"stan1295"
0,1,0,1,0,1,0,0,1,0,1,0,1,0,1,0,1,0,0,1,0,1,0,1,0,0,1,0,"stan1323"
0,0,0,1,0,0,0,0,0,0,1,0,0,0,0,0,1,0,0,0,0,1,0,0,0,0,0,0,"suki1245"
1,0,0,1,1,0,0,0,0,1,1,0,0,0,0,0,0,0,0,0,0,0,1,0,0,0,0,0,"suku1259"
0,0,0,1,0,0,0,0,0,0,1,0,0,0,0,0,1,0,0,0,0,1,0,0,0,0,0,0,"suku1261"
0,1,0,0,0,0,0,0,0,1,0,0,0,0,0,0,0,0,0,0,1,0,0,0,0,0,1,0,"sula1245"
0,0,0,1,0,0,0,0,1,0,1,0,1,0,0,0,1,0,0,1,0,1,0,0,0,0,1,0,"sumb1240"
1,0,0,1,1,0,0,0,0,1,1,0,0,1,0,0,1,1,0,0,1,1,1,0,0,0,0,1,"sund1252"
0,1,0,0,0,0,0,0,0,1,0,0,0,0,0,0,0,0,0,0,1,0,0,0,0,0,1,0,"suru1262"
0,0,0,1,0,0,0,0,1,0,1,0,1,0,0,0,1,0,0,1,0,1,0,0,0,0,1,0,"suun1239"
0,0,0,1,0,0,0,0,0,0,1,0,0,0,0,0,1,0,0,0,0,1,0,0,0,0,0,0,"suzh1234"
0,0,0,1,0,0,0,0,0,0,1,0,0,0,0,0,1,0,0,0,0,1,0,0,0,0,0,0,"swed1254"
0,0,0,1,0,0,0,0,0,0,1,0,0,0,0,0,1,0,0,0,0,1,0,0,0,0,0,0,"taba1266"
1,1,1,1,1,1,1,1,1,1,1,1,1,1,1,1,1,1,1,1,1,1,1,1,1,1,1,1,"tady1237"
1,1,1,1,1,1,1,1,1,1,1,1,1,1,1,1,1,1,1,1,1,1,1,1,1,1,1,1,"taga1270"
0,1,0,0,0,0,0,0,0,1,0,0,0,0,0,0,0,0,0,0,0,0,0,0,0,0,1,0,"tahi1242"
1,0,0,1,1,0,0,0,0,1,1,0,0,1,0,0,1,1,0,0,1,1,1,0,0,0,0,1,"taje1237a"
1,0,0,1,1,0,0,0,0,1,1,0,0,1,0,0,1,1,0,0,1,1,1,0,0,0,0,1,"taje1237b"
0,0,0,1,0,0,0,0,0,0,1,0,0,1,0,0,1,1,0,0,1,1,0,0,0,0,0,1,"taji1245"
1,0,0,1,1,0,0,0,0,1,1,0,0,1,0,0,1,1,0,0,1,1,1,0,0,0,0,1,"taji1246"
0,1,0,0,1,0,1,0,1,1,0,1,0,0,0,1,0,1,1,0,1,0,0,1,0,0,1,0,"taki1248"
0,1,0,0,1,0,1,0,1,0,0,0,0,0,0,1,0,1,0,0,0,0,0,1,0,0,1,0,"tali1259"
0,1,0,0,1,0,1,0,0,1,0,0,0,0,0,1,0,1,0,0,1,0,0,0,0,0,1,0,"tali1262"
0,0,0,1,0,0,0,0,0,0,0,0,0,0,0,0,1,0,0,0,0,1,0,0,0,0,0,0,"tami1289"
0,1,0,0,0,0,0,0,1,0,0,0,0,0,0,0,0,0,0,0,0,0,0,1,0,0,1,0,"tana1285"
0,0,0,1,0,0,0,0,0,0,1,0,0,0,0,0,1,0,0,0,0,1,0,0,0,0,0,0,"tang1347"
0,1,0,0,0,0,0,0,0,0,0,0,0,0,0,0,0,0,0,0,0,0,0,0,0,0,1,0,"tapi1254"
0,1,0,0,0,0,0,0,1,0,0,0,0,0,0,0,0,0,0,0,0,0,0,1,0,0,1,0,"tasi1237"
0,1,0,0,0,0,0,0,0,1,0,0,0,0,0,0,0,0,0,0,1,0,0,0,0,0,1,0,"taum1237"
1,1,1,1,1,1,1,1,1,1,1,1,1,1,1,1,1,1,1,1,1,1,1,1,1,1,1,1,"taus1251"
1,0,0,1,1,0,0,0,0,1,1,0,0,1,0,0,1,1,0,0,1,1,1,0,0,0,0,1,"taus1251a"
1,1,1,1,1,1,1,1,1,1,1,1,1,1,1,1,1,1,1,1,1,1,1,1,1,1,1,1,"tehu1242"
1,1,1,1,1,1,1,1,1,1,1,1,1,1,1,1,1,1,1,1,1,1,1,1,1,1,1,1,"teiw1235"
0,0,0,1,0,0,0,0,0,0,1,0,0,0,0,0,1,0,0,0,0,1,0,0,0,0,0,0,"telu1262"
0,1,0,0,0,0,0,0,0,0,0,0,0,0,0,0,0,0,0,0,0,0,0,0,0,0,1,0,"temb1276"
0,0,0,1,0,0,0,0,1,0,1,0,1,0,0,0,1,0,0,1,0,1,0,0,0,0,1,0,"tenh1241"
0,0,0,1,0,0,0,0,1,0,1,0,1,0,0,0,1,0,0,1,0,1,0,0,0,0,1,0,"tesu1245"
0,0,0,1,0,0,0,0,0,0,0,0,0,1,0,0,1,1,0,0,1,1,0,0,0,0,0,1,"tete1250"
0,0,0,1,0,0,0,0,0,0,1,0,0,1,0,0,1,1,0,0,1,1,0,0,0,0,0,1,"tetu1245"
0,0,0,1,0,0,0,0,0,0,1,0,0,1,0,0,1,1,0,0,1,1,0,0,0,0,0,1,"tetu1246"
1,1,1,1,1,1,1,1,1,1,1,1,1,1,1,1,1,1,1,1,1,1,1,1,1,1,1,1,"thao1240"
0,0,0,1,0,0,0,0,0,0,1,0,0,0,0,0,1,0,0,0,0,1,0,0,0,0,0,0,"thay1249"
0,1,0,0,0,0,0,0,0,0,0,0,0,0,0,0,0,0,0,0,0,0,0,0,0,0,1,0,"tido1248"
0,1,0,0,0,0,0,0,0,1,0,0,0,0,0,0,0,0,0,0,0,0,0,0,0,0,1,0,"tido1248a"
0,1,0,0,1,0,1,0,1,1,0,1,0,0,0,1,0,1,1,0,1,0,0,1,0,0,1,0,"tiga1245"
0,1,0,0,1,0,1,0,1,1,0,1,0,0,0,1,0,1,1,0,1,0,0,1,0,0,1,0,"tiko1237"
0,1,0,0,1,0,1,0,1,1,0,1,0,0,0,1,0,1,1,0,1,0,0,1,0,0,1,0,"tiko1237a"
0,1,0,0,1,0,1,0,0,1,0,0,0,0,0,1,0,1,0,0,1,0,0,0,0,0,1,0,"tiri1258"
1,0,0,1,1,0,0,0,0,1,1,0,0,1,0,0,1,1,0,0,1,1,1,0,0,0,0,1,"tivv1240"
0,0,0,1,0,0,0,0,0,0,1,0,0,1,0,0,1,1,0,0,1,1,0,0,0,0,0,1,"tlin1245"
1,1,1,1,1,1,1,1,1,1,1,1,1,1,1,1,1,1,1,1,1,1,1,1,1,1,1,1,"toab1237"
0,0,0,1,0,0,0,0,0,0,1,0,0,0,0,0,1,0,0,0,0,1,0,0,0,0,0,0,"toba1269"
0,1,0,0,0,0,0,0,0,0,0,0,0,0,0,0,0,0,0,0,0,0,0,0,0,0,1,0,"toca1235"
0,0,0,1,0,0,0,0,0,0,1,0,0,0,0,0,1,0,0,0,0,1,0,0,0,0,0,0,"toda1252"
0,1,0,0,0,0,0,0,1,1,0,1,0,0,0,0,0,0,1,0,1,0,0,1,0,0,1,0,"toke1240"
0,1,0,0,0,0,0,0,1,1,0,1,0,0,0,0,0,0,1,0,1,0,0,1,0,0,1,0,"toke1240a"
0,1,0,1,0,1,0,0,1,0,1,0,1,0,1,0,1,0,0,1,0,1,0,1,0,0,1,0,"tokh1242"
0,1,0,1,0,1,0,0,1,0,1,0,1,0,1,0,1,0,0,1,0,1,0,1,0,0,1,0,"tokh1243"
0,1,0,0,1,0,1,0,1,1,0,1,0,0,0,1,0,1,1,0,1,0,0,1,0,0,1,0,"tokp1240"
1,0,0,1,1,0,0,0,0,1,1,0,0,1,0,0,1,1,0,0,1,1,1,0,0,0,0,1,"tola1247"
0,0,0,1,0,0,0,0,0,0,1,0,0,0,0,0,1,0,0,0,0,1,0,0,0,0,0,0,"tolo1259"
1,0,0,1,1,0,0,0,0,1,1,0,0,1,0,0,1,1,0,0,1,1,1,0,0,0,0,1,"toma1248"
0,0,0,1,0,0,0,0,0,0,1,0,0,0,0,0,1,0,0,0,0,1,0,0,0,0,0,0,"tomb1243"
1,0,0,1,1,0,0,0,0,1,1,0,0,1,0,0,1,1,0,0,1,1,1,0,0,0,0,1,"tomi1243"
0,1,0,0,0,0,0,0,0,1,0,0,0,0,0,0,0,0,0,0,1,0,0,0,0,0,1,0,"tong1325"
0,0,0,1,0,0,0,0,0,0,1,0,0,0,0,0,1,0,0,0,0,1,0,0,0,0,0,0,"tons1240"
0,1,0,0,1,0,1,0,1,1,0,1,0,0,0,1,0,1,1,0,1,0,0,1,0,0,1,0,"toor1238"
1,0,0,1,1,0,0,0,0,1,1,0,0,1,0,0,1,1,0,0,1,1,1,0,0,0,0,1,"tore1237"
0,1,0,1,0,1,0,0,1,0,1,0,1,0,1,0,1,0,0,1,0,1,0,1,0,0,1,0,"torr1261"
0,1,0,1,0,1,0,0,0,0,1,0,0,0,1,0,1,0,0,0,0,1,0,1,0,0,0,0,"tosk1239"
1,0,0,1,1,0,0,0,0,1,1,0,0,1,0,0,1,1,0,0,1,1,1,0,0,0,0,1,"toto1304"
1,0,0,1,1,0,0,0,0,1,1,0,0,1,0,0,1,1,0,0,1,1,1,0,0,0,0,1,"trin1274"
0,0,0,1,0,0,0,0,0,0,1,0,0,0,0,0,1,0,0,0,0,1,0,0,0,0,0,0,"trum1247"
0,0,0,1,0,0,0,0,1,0,1,0,1,0,0,0,1,0,0,1,0,1,0,0,0,0,1,0,"tsog1243"
0,0,0,1,0,0,0,0,0,0,1,0,0,1,0,0,1,1,0,0,1,1,0,0,0,0,0,1,"tson1249"
0,1,0,0,0,0,0,0,0,1,0,0,0,0,0,0,0,0,0,0,1,0,0,0,0,0,1,0,"tuam1242"
0,1,0,0,0,0,0,0,0,1,0,0,0,0,0,0,0,0,0,0,1,0,0,0,0,0,1,0,"tubu1240"
0,0,0,1,0,0,0,0,0,0,1,0,0,0,0,0,1,0,0,0,0,1,0,0,0,0,0,0,"tuca1252"
1,0,0,1,1,0,0,0,0,1,1,0,0,1,0,0,1,1,0,0,1,1,1,0,0,0,0,1,"tuka1249"
1,0,0,1,1,0,0,0,0,1,1,0,0,1,0,0,1,1,0,0,1,1,1,0,0,0,0,1,"tula1253"
0,1,0,1,0,1,0,0,1,0,1,0,1,0,1,0,1,0,0,1,0,1,0,1,0,0,1,0,"tung1290"
0,0,0,0,0,0,0,0,0,0,0,0,0,0,0,0,0,0,0,0,0,0,0,0,0,0,1,0,"tupi1274"
0,0,0,1,0,0,0,0,0,0,1,0,0,0,0,0,1,0,0,0,0,1,0,0,0,0,0,0,"turu1249"
0,0,0,1,0,0,0,0,0,0,1,0,0,1,0,0,1,1,0,0,1,1,0,0,0,0,0,1,"tusc1257"
0,1,0,0,1,0,1,0,1,1,0,1,0,0,0,1,0,1,1,0,1,0,0,1,0,0,1,0,"tuva1244"
0,1,0,0,0,0,0,0,0,1,0,0,0,0,0,0,0,0,0,0,1,0,0,0,0,0,1,0,"uabm1237"
1,0,0,1,1,0,0,0,0,1,1,0,0,1,0,0,1,1,0,0,1,1,1,0,0,0,0,1,"udmu1245"
1,1,1,1,1,1,1,1,1,1,1,1,1,1,1,1,1,1,1,1,1,1,1,1,1,1,1,1,"ulaw1237"
0,0,0,1,0,0,0,0,0,0,1,0,0,0,0,0,1,0,0,0,0,1,0,0,0,0,0,0,"umaj1240"
0,1,0,0,0,0,0,0,1,0,0,0,0,0,0,0,0,0,0,0,0,0,1,0,0,0,0,1,"umbu1257"
0,0,0,1,0,0,0,0,0,0,1,0,0,1,0,0,1,1,0,0,1,1,0,0,0,0,0,1,"umir1236"
0,0,0,1,0,0,0,1,1,0,1,1,1,1,0,1,1,1,0,1,1,1,0,0,0,1,1,1,"umpi1239"
1,0,0,1,0,0,0,0,0,1,0,0,0,0,0,0,0,0,0,0,1,0,0,0,0,0,1,0,"unua1237"
0,0,0,0,0,0,0,0,0,0,1,0,0,1,0,0,1,1,0,0,1,1,0,0,0,0,0,1,"uppe1274"
1,0,0,0,0,0,0,0,0,0,0,0,0,1,0,0,1,1,0,0,1,1,1,0,0,0,0,1,"urak1238"
0,0,0,1,0,0,0,0,0,0,1,0,0,0,0,0,1,0,0,0,0,1,0,0,0,0,0,0,"urdu1245"
0,0,0,1,0,0,0,0,0,0,1,0,0,0,0,0,1,0,0,0,0,1,0,0,0,0,0,0,"utee1244a"
0,0,0,1,0,0,0,0,0,0,0,0,0,0,0,0,0,0,0,0,0,1,0,0,0,0,0,0,"utes1238"
0,1,0,0,1,0,1,0,0,1,0,0,0,0,0,1,0,1,0,0,1,0,0,0,0,0,1,0,"vaoo1237"
0,1,0,0,1,0,1,0,0,1,0,0,0,0,0,1,0,1,0,0,1,0,0,0,0,0,1,0,"vari1239"
0,1,0,1,0,1,0,0,1,0,1,0,1,0,1,0,1,0,0,1,0,1,0,1,0,0,1,0,"veps1250"
0,1,0,0,1,0,1,0,0,1,0,0,0,0,0,1,0,1,0,0,1,0,0,0,0,0,1,0,"vera1241"
0,1,0,0,0,0,0,0,0,1,0,0,0,0,0,0,0,0,0,0,1,0,0,0,0,0,1,0,"vinm1237"
0,1,0,1,0,1,0,0,1,0,1,0,1,0,1,0,1,0,0,1,0,1,0,1,0,0,1,0,"vlax1238"
0,1,0,0,1,0,1,0,0,1,0,0,0,0,0,1,0,1,0,0,1,0,0,0,0,0,1,0,"vure1239"
0,0,0,1,0,0,0,0,0,0,1,0,0,0,0,0,1,0,0,0,0,1,0,0,0,0,0,0,"waga1260"
1,0,0,1,1,0,0,0,0,1,1,0,0,1,0,0,1,1,0,0,1,1,1,0,0,0,0,1,"waia1242"
0,0,0,1,0,0,0,0,0,0,1,0,0,0,0,0,1,0,0,0,0,1,0,0,0,0,0,0,"wail1244"
0,0,0,1,0,0,0,0,0,0,1,0,0,1,0,0,1,1,0,0,1,1,0,0,0,0,0,1,"waim1253"
0,0,0,1,0,0,0,0,0,0,1,0,0,0,0,0,1,0,0,0,0,1,0,0,0,0,0,0,"waim1255"
0,1,0,0,1,0,1,0,1,1,0,1,0,0,0,1,0,1,1,0,1,0,0,1,0,0,1,0,"waiw1244"
0,0,0,1,0,0,0,0,0,0,1,0,0,0,0,0,1,0,0,0,0,1,0,0,0,0,0,0,"waja1257"
0,1,0,1,0,1,0,0,1,0,1,0,1,0,1,0,1,0,0,1,0,1,0,1,0,0,1,0,"wall1255"
0,1,0,0,0,0,0,0,0,1,0,0,0,0,0,0,0,0,0,1,0,1,0,0,0,0,1,0,"wall1257"
0,0,0,1,0,0,0,0,0,0,1,0,0,0,0,0,1,0,0,0,0,1,0,0,0,0,0,0,"wamb1258"
0,0,0,1,0,0,0,0,0,0,1,0,0,0,0,0,1,0,0,0,0,1,0,0,0,0,0,0,"wang1287"
0,0,0,1,0,0,0,0,0,0,1,0,0,1,0,0,1,1,0,0,1,1,0,0,0,0,0,1,"wang1288"
0,0,0,1,0,0,0,0,0,0,1,0,0,1,0,0,1,1,0,0,1,1,0,0,0,0,0,1,"wang1290"
0,0,0,1,0,0,0,0,0,0,1,0,0,1,0,0,1,1,0,0,1,1,0,0,0,0,0,1,"wang1290a"
0,0,0,1,0,0,0,0,0,0,1,0,0,0,0,0,1,0,0,0,0,1,0,0,0,0,0,0,"wang1291"
0,0,0,1,0,0,0,0,0,0,1,0,0,1,0,0,1,1,0,0,1,1,0,0,0,0,0,1,"wanm1242"
0,0,0,1,0,0,0,0,0,0,1,0,0,1,0,0,1,1,0,0,1,1,0,0,0,0,0,1,"wapi1253"
0,0,0,1,0,0,0,0,0,0,1,0,0,1,0,0,1,1,0,0,1,1,0,0,0,0,0,1,"warl1254"
0,0,0,1,0,0,0,0,0,0,1,0,0,0,0,0,1,0,0,0,0,1,0,0,0,0,0,0,"warl1254a"
0,0,0,1,0,0,0,0,0,0,1,0,0,0,0,0,1,0,0,0,0,1,0,0,0,0,0,0,"warl1255"
0,0,0,1,0,0,0,0,0,0,1,0,0,0,0,0,1,0,0,0,0,1,0,0,0,0,0,0,"warr1257"
0,0,0,1,0,0,0,0,0,0,1,0,0,1,0,0,1,1,0,0,1,1,0,0,0,0,0,1,"waru1264"
0,0,0,1,0,0,0,0,0,0,1,0,0,1,0,0,1,1,0,0,1,1,0,0,0,0,0,1,"waru1265"
1,0,0,1,1,0,0,0,0,1,1,0,0,1,0,0,1,1,0,0,1,1,1,0,0,0,0,1,"waru1266"
0,0,0,1,0,0,0,0,0,0,1,0,0,0,0,0,1,0,0,0,0,1,0,0,0,0,0,0,"wath1238"
0,1,0,0,0,0,0,0,0,1,0,0,0,0,0,0,0,0,0,0,1,0,0,0,0,0,1,0,"watu1246"
0,0,0,1,0,0,0,0,0,0,1,0,0,0,0,0,1,0,0,0,0,1,0,0,0,0,0,0,"waur1244"
1,0,0,1,1,0,0,0,0,1,1,0,0,1,0,0,1,1,0,0,1,1,1,0,0,0,0,1,"wawo1239"
0,0,0,1,0,0,0,0,0,0,1,0,0,0,0,0,1,0,0,0,0,1,0,0,0,0,0,0,"waya1270"
1,0,0,1,1,0,0,0,0,1,1,0,0,0,0,0,1,0,0,0,0,1,1,0,0,0,0,0,"wayu1243"
0,0,0,1,0,0,0,0,0,0,1,0,0,0,0,0,1,0,0,0,0,1,0,0,0,0,0,0,"weda1240"
0,1,0,1,0,1,0,0,1,0,1,0,1,0,1,0,1,0,0,1,0,1,0,1,0,0,1,0,"wels1247"
1,0,0,1,1,0,0,0,0,1,1,0,0,1,0,0,1,1,0,0,1,1,1,0,0,0,0,1,"wers1238"
0,0,0,0,0,0,0,0,1,0,0,0,0,0,0,0,0,0,0,0,0,0,0,1,0,0,0,0,"west1508"
0,0,0,1,0,0,0,0,0,0,1,0,0,0,0,0,1,0,0,0,0,1,0,0,0,0,0,0,"west2369"
0,0,0,1,0,0,0,0,0,0,1,0,0,0,0,0,1,0,0,0,0,1,0,0,0,0,0,0,"west2386"
0,1,0,0,1,0,1,0,1,1,0,1,0,0,0,1,0,1,1,0,1,0,0,1,0,0,1,0,"west2515"
0,1,0,0,0,0,0,0,1,1,0,1,0,0,0,0,0,0,1,0,1,0,0,1,0,0,1,0,"west2555"
1,1,1,1,1,1,1,1,1,1,1,1,1,1,1,1,1,1,1,1,1,1,1,1,1,1,1,1,"west2559"
1,0,0,1,1,0,0,0,0,1,1,0,0,1,0,0,1,1,0,0,1,1,1,0,0,0,0,1,"west2560"
0,1,0,0,1,0,1,0,1,0,0,0,0,0,0,1,0,1,0,0,0,0,0,1,0,0,1,0,"west2599"
0,1,0,1,0,1,0,0,1,0,1,0,1,0,1,0,1,0,0,1,0,1,0,1,0,0,1,0,"west2615"
0,1,0,0,1,0,1,0,1,1,0,1,0,0,0,1,0,1,1,0,1,0,0,1,0,0,1,0,"whit1269"
0,0,0,1,0,0,0,0,0,0,0,0,0,0,0,0,0,0,0,0,0,0,0,0,0,0,0,0,"wikm1247"
0,0,0,0,0,0,0,0,0,0,1,0,0,0,0,0,1,0,0,0,0,0,0,0,0,0,0,0,"winn1245"
0,0,0,1,0,0,0,0,1,0,1,0,1,0,0,0,1,0,0,1,0,1,0,0,0,0,1,0,"wipi1242"
0,0,0,1,0,0,0,0,0,0,1,0,0,0,0,0,1,0,0,0,0,1,0,0,0,0,0,0,"wira1262"
0,0,0,1,0,0,0,0,0,0,1,0,0,0,0,0,1,0,0,0,0,1,0,0,0,0,0,0,"wira1265"
1,0,0,1,1,0,0,0,0,1,1,0,0,1,0,0,1,1,0,0,1,1,1,0,0,0,0,1,"wiwi1237"
0,1,0,0,1,0,1,0,0,1,0,0,0,0,0,1,0,1,0,0,1,0,0,0,0,0,1,0,"woge1237"
0,0,0,1,0,0,0,0,0,0,1,0,0,0,0,0,1,0,0,0,0,1,0,0,0,0,0,0,"woiw1237"
1,0,0,1,1,0,0,0,0,1,1,0,0,1,0,0,1,1,0,0,1,1,1,0,0,0,0,1,"woli1241"
0,0,0,1,0,0,0,0,0,0,1,0,0,1,0,0,1,1,0,0,1,1,0,0,0,0,0,1,"wong1246"
0,0,0,1,0,0,0,0,0,0,1,0,0,1,0,0,1,1,0,0,1,1,0,0,0,0,0,1,"wood1236"
0,0,0,1,0,0,0,0,1,0,1,0,1,0,0,0,1,0,0,1,0,1,0,0,0,0,1,0,"wulg1239"
0,1,0,0,1,0,1,0,1,0,0,0,0,0,0,1,0,1,0,0,0,0,0,1,0,0,1,0,"wuvu1239"
0,0,0,1,0,0,0,0,0,0,1,0,0,0,0,0,1,0,0,0,0,1,0,0,0,0,0,0,"wyan1247"
0,0,0,1,0,0,0,0,0,0,1,0,0,0,0,0,1,0,0,0,0,1,0,0,0,0,0,0,"xibe1242"
0,1,0,0,0,0,0,0,1,0,0,0,0,0,0,0,0,0,0,0,0,0,0,1,0,0,1,0,"yabe1254"
0,0,0,1,0,0,0,0,0,0,1,0,0,0,0,0,1,0,0,0,0,1,0,0,0,0,0,0,"yadh1237"
0,0,0,1,0,0,0,0,0,0,1,0,0,0,0,0,1,0,0,0,0,1,0,0,0,0,0,0,"yagw1240"
0,1,0,1,0,1,0,0,1,0,1,0,1,0,1,0,1,0,0,1,0,1,0,1,0,0,1,0,"yaka1269"
0,1,0,1,0,1,0,0,1,0,1,0,1,0,1,0,1,0,0,1,0,1,0,1,0,0,1,0,"yaka1272"
0,1,0,0,1,0,1,0,0,1,0,0,0,0,0,1,0,1,0,0,1,0,0,0,0,0,1,0,"yaka1277"
0,0,0,1,0,0,0,0,0,0,1,0,0,0,0,0,0,0,0,0,0,0,0,0,0,0,0,0,"yaki1237"
0,0,0,1,0,0,0,0,0,0,1,0,0,1,0,0,1,1,0,0,1,1,0,0,0,0,0,1,"yala1262"
0,0,0,1,0,0,0,0,0,0,1,0,0,1,0,0,1,1,0,0,1,1,0,0,0,0,0,1,"yala1262a"
0,0,0,1,0,0,0,0,0,0,1,0,0,0,0,0,1,0,0,0,0,1,0,0,0,0,0,0,"yama1264"
1,0,0,1,1,0,0,0,0,1,1,0,0,1,0,0,1,1,0,0,1,1,1,0,0,0,0,1,"yami1254"
0,0,0,1,0,0,0,0,0,0,1,0,0,1,0,0,1,1,0,0,1,1,0,0,0,0,0,1,"yand1253"
0,0,0,1,0,0,0,0,0,0,1,0,0,1,0,0,1,1,0,0,1,1,0,0,0,0,0,1,"yand1253a"
0,0,0,1,0,0,0,0,0,0,1,0,0,1,0,0,1,1,0,0,1,1,0,0,0,0,0,1,"yany1243"
0,0,0,0,0,0,0,0,0,0,1,0,0,1,0,0,0,1,0,0,0,1,0,0,0,0,0,0,"yaqu1251"
0,1,0,1,0,1,0,0,1,0,1,0,1,0,1,0,1,0,0,1,0,1,0,1,0,0,1,0,"yavi1244"
0,1,0,0,1,0,1,0,1,1,0,1,0,0,0,1,0,1,1,0,1,0,0,1,0,0,1,0,"yele1255"
1,0,0,1,1,0,0,0,0,1,1,0,0,1,0,0,1,1,0,0,1,1,1,0,0,0,0,1,"yelm1242"
0,0,0,1,0,0,0,0,1,0,1,0,1,0,0,0,1,0,0,1,0,1,0,0,0,0,1,0,"yidi1250"
0,0,0,1,0,0,0,0,1,0,1,0,1,0,0,0,1,0,0,1,0,1,0,0,0,0,1,0,"yidi1250a"
0,0,0,1,0,0,0,0,0,0,1,0,0,1,0,0,1,1,0,0,1,1,0,0,0,0,0,1,"yind1247"
0,0,0,1,0,0,0,0,0,0,1,0,0,1,0,0,1,1,0,0,1,1,0,0,0,0,0,1,"yiry1245"
1,0,1,1,1,0,1,0,1,1,1,0,1,0,0,0,1,0,1,1,0,1,1,0,1,0,1,0,"yomb1244"
0,0,0,1,0,0,0,0,0,0,1,0,0,0,0,0,1,0,0,0,0,1,0,0,0,0,0,0,"yort1237"
0,0,0,1,0,0,0,0,0,0,1,0,0,1,0,0,1,1,0,0,1,1,0,0,0,0,0,1,"yuca1254"
0,0,0,1,0,0,0,0,0,0,1,0,0,0,0,0,1,0,0,0,0,1,0,0,0,0,0,0,"yugu1249"
1,0,0,1,1,0,0,0,0,1,1,0,0,0,0,0,1,0,0,0,0,1,1,0,0,0,0,0,"yuki1243"
0,0,0,1,0,0,0,0,0,0,1,0,0,1,0,0,1,1,0,0,1,1,0,0,0,0,0,1,"yulp1239"
0,0,0,0,0,0,0,0,0,0,0,0,0,1,0,0,0,0,0,0,0,0,0,0,0,0,1,0,"yura1255"
0,0,0,1,0,0,0,0,0,0,1,0,0,0,0,0,1,0,0,0,0,1,0,0,0,0,0,0,"yuro1248"
0,0,0,1,0,0,0,0,0,0,1,0,0,0,0,0,1,0,0,0,0,1,0,0,0,0,0,0,"yuwa1244"
1,0,0,1,1,0,0,0,0,1,1,0,0,1,0,0,1,1,0,0,1,1,1,0,0,0,0,1,"zaba1237"
0,1,0,1,0,1,0,0,1,0,1,0,1,0,1,0,1,0,0,1,0,1,0,1,0,0,1,0,"zinz1238"
0,0,0,1,0,0,0,0,0,0,1,0,0,0,0,0,1,0,0,0,0,0,0,0,0,0,0,0,"zulu1248"
